rank,product,href,image_url,eye_image_url,product_url,dia,gdia,month
1,FLANMY シュガーチュロス,donki://flanmy-sugar-churros,https://d28qg0el9tv5wv.cloudfront.net/data/img/items/FLM-10-sgc/thum_640x640.jpg,https://d28qg0el9tv5wv.cloudfront.net/data/img/items/FLM-10-sgc/thum_640x360_eye.jpg?v=20260401153748,https://morecon.jp/search?keyword=%E3%82%B7%E3%83%A5%E3%82%AC%E3%83%BC%E3%83%81%E3%83%A5%E3%83%AD%E3%82%B9,14.5 mm,13.6 mm,2026-06
2,FLANMY ビターチュロス,donki://flanmy-bitter-churros,https://d28qg0el9tv5wv.cloudfront.net/data/img/items/FLM-10-btc/thum_640x640.jpg,https://d28qg0el9tv5wv.cloudfront.net/data/img/items/FLM-10-btc/thum_640x360_eye.jpg?v=20260401153720,https://morecon.jp/search?keyword=%E3%83%93%E3%82%BF%E3%83%BC%E3%83%81%E3%83%A5%E3%83%AD%E3%82%B9,14.5 mm,13.6 mm,2026-06
3,Ever Color 1day Natural パールベージュ,donki://ever-color-natural-pearl-beige,https://d28qg0el9tv5wv.cloudfront.net/data/img/items/EC1-d-npbe/thum_640x640.jpg,https://d28qg0el9tv5wv.cloudfront.net/data/img/items/EC1-d-npbe/thum_640x360_eye.jpg?v=20250625121046,https://morecon.jp/i/3821,14.5 mm,13.8 mm,2026-06
4,Angel Color Bambi 1day スノーココア,donki://bambi-snow-cocoa,https://d28qg0el9tv5wv.cloudfront.net/data/img/items/AC-new1d-10-snc/thum_640x640.jpg,https://d28qg0el9tv5wv.cloudfront.net/data/img/items/AC-new1d-10-snc/thum_640x360_eye.jpg?v=20260208132853,https://morecon.jp/i/6269,14.5 mm,13.9 mm,2026-06
5,SECRET CANDY MAGIC No.3 ブラウン,donki://secret-candy-no3-brown,,,,14.5 mm,14.3 mm,2026-06
6,Honey Kiss ちゅるんキャンディーチョコグレー,donki://honey-kiss-candy-choco-gray,https://static.growthpalette.com/img/post/aa6ac558-76a4-49fe-9b68-bde45e454ec0/1573504e7091889af097a8cbf923715e_s.jpg,https://static.growthpalette.com/img/post/27ac33e6-44a7-42b4-9c97-7b517980abd6/a9a3f924f78669127dec4cc009aa75e6_l.jpg#home-eye,https://hotellovers.jp/item/14cf89e5-662d-436c-860f-1420125350b6?color=chcdg,15.0 mm,14.6 mm,2026-06
7,Chapun ずるモテベージュ,donki://chapun-zurumote-beige,,,https://morecon.jp/i/5805,15.0 mm,14.5 mm,2026-06
8,FLANMY きなこロール,donki://flanmy-kinako-roll,,,,14.5 mm,13.7 mm,2026-06
9,LARME MELTY ムーンフィルター,donki://larme-moon-filter,,,,14.5 mm,13.8 mm,2026-06
10,SECRET CANDY MAGIC バニラブラウン,donki://secret-candy-vanilla-brown,,,,14.5 mm,13.9 mm,2026-06
11,OLENS Glowy Tear Brown,donki://olens-glowy-tear-brown,,,,14.2 mm,13.1 mm,2026-06
12,LARME MELTY スターフィルター,donki://larme-star-filter,,,,14.5 mm,13.8 mm,2026-06
13,Honey Kiss ちゅるんシュガーベージュ,donki://honey-kiss-sugar-beige,,,,15.0 mm,14.6 mm,2026-06
14,Angel Color Bambi 1day スノーパープル,donki://bambi-snow-purple,,,https://morecon.jp/i/6268,14.5 mm,13.9 mm,2026-06
15,Quprie グリオニキス,donki://quprie-gris-onyx,https://d28qg0el9tv5wv.cloudfront.net/data/img/items/Quprie-1d-10-grox/thum_640x640.jpg,https://d28qg0el9tv5wv.cloudfront.net/data/img/items/Quprie-1d-10-grox/thum_640x360_eye.jpg,https://morecon.jp/i/6347,14.5 mm,13.9 mm,2026-06
16,Chu's me BABY BROWN,donki://chusme-baby-brown,,,,14.2 mm,13.5 mm,2026-06
17,loveil ハニートリック,donki://loveil-honey-trick,,,,14.4 mm,13.6 mm,2026-06
18,Ever Color 1day Natural ミルクブラウニー,donki://ever-milk-brownie,,,,14.5 mm,13.8 mm,2026-06
19,LARME MELTY ベージュフィルター,donki://larme-beige-filter,,,,14.5 mm,13.8 mm,2026-06
20,SECRET CANDY MAGIC ラテベージュ,donki://secret-candy-latte-beige,,,,14.5 mm,13.9 mm,2026-06
21,FLANMY アールグレイパフェ,donki://flanmy-earl-gray-parfait,,,,14.5 mm,13.8 mm,2026-06
22,WANAF ラスティングパール,donki://wanaf-lasting-pearl,,,,14.5 mm,13.8 mm,2026-06
23,OLENS Rain Black,donki://olens-rain-black,,,,14.2 mm,13.0 mm,2026-06
24,loveil アルカディアゴールド,donki://loveil-arcadia-gold,,,,14.4 mm,13.8 mm,2026-06
25,FLANMY ミルクプディング,donki://flanmy-milk-pudding,,,https://morecon.jp/i/5979,14.5 mm,13.7 mm,2026-06
26,OLENS Big Glowy Pink,donki://olens-big-glowy-pink,,,,14.2 mm,13.6 mm,2026-06
27,ReVIA メルティベア,donki://revia-melty-bear,,,,14.1 mm,13.0 mm,2026-06
28,Angel Color Bambi 1day スワングレー,donki://bambi-swan-gray,,,,14.4 mm,13.7 mm,2026-06
