date,country,source,rank,product,href,color,color_other,mood,mood_other,edge,edge_other
2026-04-13,일본,Morecon,1,【チューズミーベイビーブラウン(NEW)(Chu’s me BABY BROWN)菅本裕子(ゆうこす)】カラコンワンデー送料無料 | モアコンタクト(モアコン)公式カラコン通販,https://morecon.jp/i/4021,다크브라운,,네추럴/소프트,,노 엣지,
2026-04-13,일본,Morecon,2,【フランミーシュガーチュロス(FLANMY SUGAR CHURROS)佐々木希】カラコンワンデー送料無料 | モアコンタクト(モアコン)公式カラコン通販,https://morecon.jp/i/6311,브라운,,글로우/하이라이트,,슬림링,
2026-04-13,일본,Morecon,3,【フランミービターチュロス(FLANMY BITTER CHURROS)佐々木希】カラコンワンデー送料無料 | モアコンタクト(モアコン)公式カラコン通販,https://morecon.jp/i/6310,다크브라운,,네추럴/소프트,,슬림링,
2026-04-13,일본,Morecon,4,【エバーカラーワンデーナチュラルパールベージュ(EverColor1day Natural Pearl Beige)新木優子】カラコンワンデー送料無料 | モアコンタクト(モアコン)公式カラコン通販,https://morecon.jp/i/3821,애쉬브라운,,네추럴/소프트,,라인 엣지,
2026-04-13,일본,Morecon,5,【トパーズデートトパーズ(TOPARDS Date Topaz)指原莉乃(さっしー)】カラコンワンデー送料無料 | モアコンタクト(モアコン)公式カラコン通販,https://morecon.jp/i/3345,,,,,,
2026-04-13,일본,Morecon,6,【オーレンズ グローイワンデーブラウン(OLENS Glowy 1day Brown)MEOVV(ミヤオ)】カラコンワンデー送料無料 | モアコンタクト(モアコン)公式カラコン通販,https://morecon.jp/i/4952,골드브라운,,글로우/하이라이트,,슬림링,
2026-04-14,일본,Morecon,1,【チューズミーベイビーブラウン(NEW)(Chu’s me BABY BROWN)菅本裕子(ゆうこす)】カラコンワンデー送料無料 | モアコンタクト(モアコン)公式カラコン通販,https://morecon.jp/i/4021,다크브라운,,네추럴/소프트,,노 엣지,
2026-04-14,일본,Morecon,2,【フランミーシュガーチュロス(FLANMY SUGAR CHURROS)佐々木希】カラコンワンデー送料無料 | モアコンタクト(モアコン)公式カラコン通販,https://morecon.jp/i/6311,브라운,,글로우/하이라이트,,슬림링,
2026-04-14,일본,Morecon,3,【フランミービターチュロス(FLANMY BITTER CHURROS)佐々木希】カラコンワンデー送料無料 | モアコンタクト(モアコン)公式カラコン通販,https://morecon.jp/i/6310,다크브라운,,네추럴/소프트,,슬림링,
2026-04-14,일본,Morecon,4,【エバーカラーワンデーナチュラルパールベージュ(EverColor1day Natural Pearl Beige)新木優子】カラコンワンデー送料無料 | モアコンタクト(モアコン)公式カラコン通販,https://morecon.jp/i/3821,애쉬브라운,,네추럴/소프트,,라인 엣지,
2026-04-14,일본,Morecon,5,【トパーズデートトパーズ(TOPARDS Date Topaz)指原莉乃(さっしー)】カラコンワンデー送料無料 | モアコンタクト(モアコン)公式カラコン通販,https://morecon.jp/i/3345,,,,,,
2026-04-14,일본,Morecon,6,【オーレンズ グローイワンデーブラウン(OLENS Glowy 1day Brown)MEOVV(ミヤオ)】カラコンワンデー送料無料 | モアコンタクト(モアコン)公式カラコン通販,https://morecon.jp/i/4952,골드브라운,,글로우/하이라이트,,슬림링,
2026-04-15,일본,Morecon,1,【チューズミーベイビーブラウン(NEW)(Chu’s me BABY BROWN)菅本裕子(ゆうこす)】カラコンワンデー送料無料 | モアコンタクト(モアコン)公式カラコン通販,https://morecon.jp/i/4021,다크브라운,,네추럴/소프트,,노 엣지,
2026-04-15,일본,Morecon,2,【フランミーシュガーチュロス(FLANMY SUGAR CHURROS)佐々木希】カラコンワンデー送料無料 | モアコンタクト(モアコン)公式カラコン通販,https://morecon.jp/i/6311,브라운,,글로우/하이라이트,,슬림링,
2026-04-15,일본,Morecon,3,【フランミービターチュロス(FLANMY BITTER CHURROS)佐々木希】カラコンワンデー送料無料 | モアコンタクト(モアコン)公式カラコン通販,https://morecon.jp/i/6310,다크브라운,,네추럴/소프트,,슬림링,
2026-04-15,일본,Morecon,4,【エバーカラーワンデーナチュラルパールベージュ(EverColor1day Natural Pearl Beige)新木優子】カラコンワンデー送料無料 | モアコンタクト(モアコン)公式カラコン通販,https://morecon.jp/i/3821,애쉬브라운,,네추럴/소프트,,라인 엣지,
2026-04-15,일본,Morecon,5,【トパーズデートトパーズ(TOPARDS Date Topaz)指原莉乃(さっしー)】カラコンワンデー送料無料 | モアコンタクト(モアコン)公式カラコン通販,https://morecon.jp/i/3345,,,,,,
2026-04-15,일본,Morecon,6,【オーレンズ グローイワンデーブラウン(OLENS Glowy 1day Brown)MEOVV(ミヤオ)】カラコンワンデー送料無料 | モアコンタクト(モアコン)公式カラコン通販,https://morecon.jp/i/4952,골드브라운,,글로우/하이라이트,,슬림링,
2026-04-16,일본,Morecon,1,【チューズミーベイビーブラウン(NEW)(Chu’s me BABY BROWN)菅本裕子(ゆうこす)】カラコンワンデー送料無料 | モアコンタクト(モアコン)公式カラコン通販,https://morecon.jp/i/4021,다크브라운,,네추럴/소프트,,노 엣지,
2026-04-16,일본,Morecon,2,【フランミーシュガーチュロス(FLANMY SUGAR CHURROS)佐々木希】カラコンワンデー送料無料 | モアコンタクト(モアコン)公式カラコン通販,https://morecon.jp/i/6311,브라운,,글로우/하이라이트,,슬림링,
2026-04-16,일본,Morecon,3,【フランミービターチュロス(FLANMY BITTER CHURROS)佐々木希】カラコンワンデー送料無料 | モアコンタクト(モアコン)公式カラコン通販,https://morecon.jp/i/6310,다크브라운,,네추럴/소프트,,슬림링,
2026-04-16,일본,Morecon,4,【エバーカラーワンデーナチュラルパールベージュ(EverColor1day Natural Pearl Beige)新木優子】カラコンワンデー送料無料 | モアコンタクト(モアコン)公式カラコン通販,https://morecon.jp/i/3821,애쉬브라운,,네추럴/소프트,,라인 엣지,
2026-04-16,일본,Morecon,5,【トパーズデートトパーズ(TOPARDS Date Topaz)指原莉乃(さっしー)】カラコンワンデー送料無料 | モアコンタクト(モアコン)公式カラコン通販,https://morecon.jp/i/3345,,,,,,
2026-04-16,일본,Morecon,6,【オーレンズ グローイワンデーブラウン(OLENS Glowy 1day Brown)MEOVV(ミヤオ)】カラコンワンデー送料無料 | モアコンタクト(モアコン)公式カラコン通販,https://morecon.jp/i/4952,골드브라운,,글로우/하이라이트,,슬림링,
2026-04-17,일본,Morecon,1,【フランミーシュガーチュロス(FLANMY SUGAR CHURROS)佐々木希】カラコンワンデー送料無料 | モアコンタクト(モアコン)公式カラコン通販,https://morecon.jp/i/6311,브라운,,글로우/하이라이트,,슬림링,
2026-04-17,일본,Morecon,2,【フランミービターチュロス(FLANMY BITTER CHURROS)佐々木希】カラコンワンデー送料無料 | モアコンタクト(モアコン)公式カラコン通販,https://morecon.jp/i/6310,다크브라운,,네추럴/소프트,,슬림링,
2026-04-17,일본,Morecon,3,【チューズミーベイビーブラウン(NEW)(Chu’s me BABY BROWN)菅本裕子(ゆうこす)】カラコンワンデー送料無料 | モアコンタクト(モアコン)公式カラコン通販,https://morecon.jp/i/4021,다크브라운,,네추럴/소프트,,노 엣지,
2026-04-17,일본,Morecon,4,【エバーカラーワンデーナチュラルパールベージュ(EverColor1day Natural Pearl Beige)新木優子】カラコンワンデー送料無料 | モアコンタクト(モアコン)公式カラコン通販,https://morecon.jp/i/3821,애쉬브라운,,네추럴/소프트,,라인 엣지,
2026-04-17,일본,Morecon,5,【フランミーバターファッジ(FLANMY BUTTER FUDGE)佐々木希】カラコンワンデー送料無料 | モアコンタクト(モアコン)公式カラコン通販,https://morecon.jp/i/5494,,,,,,
2026-04-17,일본,Morecon,6,【オーレンズ グローイワンデーブラウン(OLENS Glowy 1day Brown)MEOVV(ミヤオ)】カラコンワンデー送料無料 | モアコンタクト(モアコン)公式カラコン通販,https://morecon.jp/i/4952,골드브라운,,글로우/하이라이트,,슬림링,
2026-04-21,일본,Morecon,1,フランミー シュガーチュロス(FLANMY SUGAR CHURROS)佐々木希 | モアコンタクト,https://morecon.jp/i/6311,브라운,,글로우/하이라이트,,슬림링,
2026-04-21,일본,Morecon,2,フランミー ビターチュロス(FLANMY BITTER CHURROS)佐々木希 | モアコンタクト,https://morecon.jp/i/6310,다크브라운,,네추럴/소프트,,슬림링,
2026-04-21,일본,Morecon,3,チューズミー ベイビーブラウン(NEW)(Chu’s me BABY BROWN)菅本裕子(ゆうこす) | モアコンタクト,https://morecon.jp/i/4021,다크브라운,,네추럴/소프트,,노 엣지,
2026-04-21,일본,Morecon,4,エバーカラーワンデーナチュラル パールベージュ(EverColor1day Natural Pearl Beige)新木優子 | モアコンタクト,https://morecon.jp/i/3821,애쉬브라운,,네추럴/소프트,,라인 엣지,
2026-04-21,일본,Morecon,5,フランミー バターファッジ(FLANMY BUTTER FUDGE)佐々木希 | モアコンタクト,https://morecon.jp/i/5494,,,,,,
2026-04-21,일본,Morecon,6,オーレンズ グローイワンデー ブラウン(OLENS Glowy 1day Brown)MEOVV(ミヤオ) | モアコンタクト,https://morecon.jp/i/4952,골드브라운,,글로우/하이라이트,,슬림링,
2026-04-22,일본,Morecon,1,フランミー シュガーチュロス(FLANMY SUGAR CHURROS)佐々木希 | モアコンタクト,https://morecon.jp/i/6311,브라운,,글로우/하이라이트,,슬림링,
2026-04-22,일본,Morecon,2,フランミー ビターチュロス(FLANMY BITTER CHURROS)佐々木希 | モアコンタクト,https://morecon.jp/i/6310,다크브라운,,네추럴/소프트,,슬림링,
2026-04-22,일본,Morecon,3,チューズミー ベイビーブラウン(NEW)(Chu’s me BABY BROWN)菅本裕子(ゆうこす) | モアコンタクト,https://morecon.jp/i/4021,다크브라운,,네추럴/소프트,,노 엣지,
2026-04-22,일본,Morecon,4,エバーカラーワンデーナチュラル パールベージュ(EverColor1day Natural Pearl Beige)新木優子 | モアコンタクト,https://morecon.jp/i/3821,애쉬브라운,,네추럴/소프트,,라인 엣지,
2026-04-22,일본,Morecon,5,フランミー バターファッジ(FLANMY BUTTER FUDGE)佐々木希 | モアコンタクト,https://morecon.jp/i/5494,,,,,,
2026-04-22,일본,Morecon,6,オーレンズ グローイワンデー ブラウン(OLENS Glowy 1day Brown)MEOVV(ミヤオ) | モアコンタクト,https://morecon.jp/i/4952,골드브라운,,글로우/하이라이트,,슬림링,
2026-04-23,일본,Morecon,1,フランミー シュガーチュロス(FLANMY SUGAR CHURROS)佐々木希 | モアコンタクト,https://morecon.jp/i/6311,브라운,,글로우/하이라이트,,슬림링,
2026-04-23,일본,Morecon,2,フランミー ビターチュロス(FLANMY BITTER CHURROS)佐々木希 | モアコンタクト,https://morecon.jp/i/6310,다크브라운,,네추럴/소프트,,슬림링,
2026-04-23,일본,Morecon,3,チューズミー ベイビーブラウン(NEW)(Chu’s me BABY BROWN)菅本裕子(ゆうこす) | モアコンタクト,https://morecon.jp/i/4021,다크브라운,,네추럴/소프트,,노 엣지,
2026-04-23,일본,Morecon,4,エバーカラーワンデーナチュラル パールベージュ(EverColor1day Natural Pearl Beige)新木優子 | モアコンタクト,https://morecon.jp/i/3821,애쉬브라운,,네추럴/소프트,,라인 엣지,
2026-04-23,일본,Morecon,5,フランミー バターファッジ(FLANMY BUTTER FUDGE)佐々木希 | モアコンタクト,https://morecon.jp/i/5494,,,,,,
2026-04-23,일본,Morecon,6,オーレンズ グローイワンデー ブラウン(OLENS Glowy 1day Brown)MEOVV(ミヤオ) | モアコンタクト,https://morecon.jp/i/4952,골드브라운,,글로우/하이라이트,,슬림링,
2026-04-24,일본,Morecon,1,フランミー シュガーチュロス(FLANMY SUGAR CHURROS)佐々木希 | モアコンタクト,https://morecon.jp/i/6311,브라운,,글로우/하이라이트,,슬림링,
2026-04-24,일본,Morecon,2,フランミー ビターチュロス(FLANMY BITTER CHURROS)佐々木希 | モアコンタクト,https://morecon.jp/i/6310,다크브라운,,네추럴/소프트,,슬림링,
2026-04-24,일본,Morecon,3,チューズミー ベイビーブラウン(NEW)(Chu’s me BABY BROWN)菅本裕子(ゆうこす) | モアコンタクト,https://morecon.jp/i/4021,다크브라운,,네추럴/소프트,,노 엣지,
2026-04-24,일본,Morecon,4,エバーカラーワンデーナチュラル パールベージュ(EverColor1day Natural Pearl Beige)新木優子 | モアコンタクト,https://morecon.jp/i/3821,애쉬브라운,,네추럴/소프트,,라인 엣지,
2026-04-24,일본,Morecon,5,オーレンズ グローイワンデー ブラウン(OLENS Glowy 1day Brown)MEOVV(ミヤオ) | モアコンタクト,https://morecon.jp/i/4952,골드브라운,,글로우/하이라이트,,슬림링,
2026-04-24,일본,Morecon,6,フランミー バターファッジ(FLANMY BUTTER FUDGE)佐々木希 | モアコンタクト,https://morecon.jp/i/5494,,,,,,
2026-04-27,일본,Morecon,1,フランミー シュガーチュロス(FLANMY SUGAR CHURROS)佐々木希 | モアコンタクト,https://morecon.jp/i/6311,브라운,,글로우/하이라이트,,슬림링,
2026-04-27,일본,Morecon,2,フランミー ビターチュロス(FLANMY BITTER CHURROS)佐々木希 | モアコンタクト,https://morecon.jp/i/6310,다크브라운,,네추럴/소프트,,슬림링,
2026-04-27,일본,Morecon,3,チューズミー ベイビーブラウン(NEW)(Chu’s me BABY BROWN)菅本裕子(ゆうこす) | モアコンタクト,https://morecon.jp/i/4021,다크브라운,,네추럴/소프트,,노 엣지,
2026-04-27,일본,Morecon,4,エバーカラーワンデーナチュラル パールベージュ(EverColor1day Natural Pearl Beige)新木優子 | モアコンタクト,https://morecon.jp/i/3821,애쉬브라운,,네추럴/소프트,,라인 엣지,
2026-04-27,일본,Morecon,5,オーレンズ グローイワンデー ブラウン(OLENS Glowy 1day Brown)MEOVV(ミヤオ) | モアコンタクト,https://morecon.jp/i/4952,골드브라운,,글로우/하이라이트,,슬림링,
2026-04-27,일본,Morecon,6,フランミー バターファッジ(FLANMY BUTTER FUDGE)佐々木希 | モアコンタクト,https://morecon.jp/i/5494,,,,,,
2026-04-28,일본,Morecon,1,フランミー シュガーチュロス(FLANMY SUGAR CHURROS)佐々木希 | モアコンタクト,https://morecon.jp/i/6311,브라운,,글로우/하이라이트,,슬림링,
2026-04-28,일본,Morecon,2,フランミー ビターチュロス(FLANMY BITTER CHURROS)佐々木希 | モアコンタクト,https://morecon.jp/i/6310,다크브라운,,네추럴/소프트,,슬림링,
2026-04-28,일본,Morecon,3,チューズミー ベイビーブラウン(NEW)(Chu’s me BABY BROWN)菅本裕子(ゆうこす) | モアコンタクト,https://morecon.jp/i/4021,다크브라운,,네추럴/소프트,,노 엣지,
2026-04-28,일본,Morecon,4,エバーカラーワンデーナチュラル パールベージュ(EverColor1day Natural Pearl Beige)新木優子 | モアコンタクト,https://morecon.jp/i/3821,애쉬브라운,,네추럴/소프트,,라인 엣지,
2026-04-28,일본,Morecon,5,オーレンズ グローイワンデー ブラウン(OLENS Glowy 1day Brown)MEOVV(ミヤオ) | モアコンタクト,https://morecon.jp/i/4952,골드브라운,,글로우/하이라이트,,슬림링,
2026-04-28,일본,Morecon,6,フランミー バターファッジ(FLANMY BUTTER FUDGE)佐々木希 | モアコンタクト,https://morecon.jp/i/5494,,,,,,
2026-05-06,일본,Morecon,1,チューズミー ベイビーブラウン(NEW)(Chu’s me BABY BROWN)菅本裕子(ゆうこす) | モアコンタクト,https://morecon.jp/i/4021,다크브라운,,네추럴/소프트,,노 엣지,
2026-05-06,일본,Morecon,2,オーレンズ グローイワンデー ブラウン(OLENS Glowy 1day Brown)MEOVV(ミヤオ) | モアコンタクト,https://morecon.jp/i/4952,골드브라운,,글로우/하이라이트,,슬림링,
2026-05-06,일본,Morecon,3,フランミー シュガーチュロス(FLANMY SUGAR CHURROS)佐々木希 | モアコンタクト,https://morecon.jp/i/6311,브라운,,글로우/하이라이트,,슬림링,
2026-05-06,일본,Morecon,4,エバーカラーワンデーナチュラル パールベージュ(EverColor1day Natural Pearl Beige)新木優子 | モアコンタクト,https://morecon.jp/i/3821,애쉬브라운,,네추럴/소프트,,라인 엣지,
2026-05-06,일본,Morecon,5,プリンキス ロージーキス(prinkiss Rosy Kiss)希空(のあ) | モアコンタクト,https://morecon.jp/i/6283,,,,,,
2026-05-06,일본,Morecon,6,キュプリエ グリオニキス(Quprié Gris onyx)Rちゃん | モアコンタクト,https://morecon.jp/i/6347,,,,,,
2026-05-07,일본,Morecon,1,チューズミー ベイビーブラウン(NEW)(Chu’s me BABY BROWN)菅本裕子(ゆうこす) | モアコンタクト,https://morecon.jp/i/4021,다크브라운,,네추럴/소프트,,노 엣지,
2026-05-07,일본,Morecon,2,オーレンズ グローイワンデー ブラウン(OLENS Glowy 1day Brown)MEOVV(ミヤオ) | モアコンタクト,https://morecon.jp/i/4952,골드브라운,,글로우/하이라이트,,슬림링,
2026-05-07,일본,Morecon,3,フランミー シュガーチュロス(FLANMY SUGAR CHURROS)佐々木希 | モアコンタクト,https://morecon.jp/i/6311,브라운,,글로우/하이라이트,,슬림링,
2026-05-07,일본,Morecon,4,エバーカラーワンデーナチュラル パールベージュ(EverColor1day Natural Pearl Beige)新木優子 | モアコンタクト,https://morecon.jp/i/3821,애쉬브라운,,네추럴/소프트,,라인 엣지,
2026-05-07,일본,Morecon,5,プリンキス ロージーキス(prinkiss Rosy Kiss)希空(のあ) | モアコンタクト,https://morecon.jp/i/6283,,,,,,
2026-05-07,일본,Morecon,6,キュプリエ グリオニキス(Quprié Gris onyx)Rちゃん | モアコンタクト,https://morecon.jp/i/6347,,,,,,
2026-05-11,일본,Morecon,1,チューズミー ベイビーブラウン(NEW)(Chu’s me BABY BROWN)菅本裕子(ゆうこす) | モアコンタクト,https://morecon.jp/i/4021,다크브라운,,네추럴/소프트,,노 엣지,
2026-05-11,일본,Morecon,2,エバーカラーワンデーナチュラル パールベージュ(EverColor1day Natural Pearl Beige)新木優子 | モアコンタクト,https://morecon.jp/i/3821,애쉬브라운,,네추럴/소프트,,라인 엣지,
2026-05-11,일본,Morecon,3,オーレンズ グローイワンデー ブラウン(OLENS Glowy 1day Brown)MEOVV(ミヤオ) | モアコンタクト,https://morecon.jp/i/4952,골드브라운,,글로우/하이라이트,,슬림링,
2026-05-11,일본,Morecon,4,フランミー シュガーチュロス(FLANMY SUGAR CHURROS)佐々木希 | モアコンタクト,https://morecon.jp/i/6311,브라운,,글로우/하이라이트,,슬림링,
2026-05-11,일본,Morecon,5,フランミー ビターチュロス(FLANMY BITTER CHURROS)佐々木希 | モアコンタクト,https://morecon.jp/i/6310,다크브라운,,네추럴/소프트,,슬림링,
2026-05-11,일본,Morecon,6,エンジェルカラーバンビワンデーNEW スノーココア(Angelcolor Bambi Series 1day Snow Cocoa)益若つばさ(つーちゃん) | モアコンタクト,https://morecon.jp/i/6269,골드브라운,,글로우/하이라이트,,볼드링,
2026-05-21,일본,Morecon,1,マランマラン ルナリアブラウン(malun malun LUNARIA BROWN)momoho(ももほ) | モアコンタクト,https://morecon.jp/i/6389,골드브라운,,글로우/하이라이트,,볼드링,
2026-05-21,일본,Morecon,2,マランマラン ルナリアピンク(malun malun LUNARIA PINK)momoho(ももほ) | モアコンタクト,https://morecon.jp/i/6386,로즈브라운,,글로우/하이라이트,,볼드링,
2026-05-21,일본,Morecon,3,マランマラン ルナリアグレー(malun malun LUNARIA GRAY)momoho(ももほ) | モアコンタクト,https://morecon.jp/i/6388,,,,,,
2026-05-21,일본,Morecon,4,チューズミー ベイビーブラウン(NEW)(Chu’s me BABY BROWN)菅本裕子(ゆうこす) | モアコンタクト,https://morecon.jp/i/4021,다크브라운,,네추럴/소프트,,노 엣지,
2026-05-21,일본,Morecon,5,エバーカラーワンデーナチュラル パールベージュ(EverColor1day Natural Pearl Beige)新木優子 | モアコンタクト,https://morecon.jp/i/3821,애쉬브라운,,네추럴/소프트,,라인 엣지,
2026-05-21,일본,Morecon,6,マランマラン ルナリアオリーブ(malun malun LUNARIA OLIVE)momoho(ももほ) | モアコンタクト,https://morecon.jp/i/6387,,,,,,
2026-06-16,일본,Morecon,1,エバーカラーワンデーナチュラル パールベージュ(EverColor1day Natural Pearl Beige)新木優子 | モアコンタクト,https://morecon.jp/i/3821,애쉬브라운,,네추럴/소프트,,라인 엣지,
2026-06-16,일본,Morecon,2,チューズミー ベイビーブラウン(NEW)(Chu’s me BABY BROWN)菅本裕子(ゆうこす) | モアコンタクト,https://morecon.jp/i/4021,다크브라운,,네추럴/소프트,,노 엣지,
2026-06-16,일본,Morecon,3,オーレンズ グローイワンデー ブラウン(OLENS Glowy 1day Brown)MEOVV(ミヤオ) | モアコンタクト,https://morecon.jp/i/4952,골드브라운,,글로우/하이라이트,,슬림링,
2026-06-16,일본,Morecon,4,マランマラン ルナリアブラウン(malun malun LUNARIA BROWN)momoho(ももほ) | モアコンタクト,https://morecon.jp/i/6389,골드브라운,,글로우/하이라이트,,볼드링,
2026-06-16,일본,Morecon,5,フランミー シュガーチュロス(FLANMY SUGAR CHURROS)佐々木希 | モアコンタクト,https://morecon.jp/i/6311,브라운,,글로우/하이라이트,,중간 엣지,
2026-06-16,일본,Morecon,6,フランミー ビターチュロス(FLANMY BITTER CHURROS)佐々木希 | モアコンタクト,https://morecon.jp/i/6310,골드브라운,,네추럴/소프트,,라인 엣지,
2026-06-19,일본,Morecon,1,チューズミー ベイビーブラウン(NEW)(Chu’s me BABY BROWN)菅本裕子(ゆうこす) | モアコンタクト,https://morecon.jp/i/4021,다크브라운,,네추럴/소프트,,노 엣지,
2026-06-19,일본,Morecon,2,エバーカラーワンデーナチュラル パールベージュ(EverColor1day Natural Pearl Beige)新木優子 | モアコンタクト,https://morecon.jp/i/3821,애쉬브라운,,네추럴/소프트,,라인 엣지,
2026-06-19,일본,Morecon,3,マランマラン ルナリアブラウン(malun malun LUNARIA BROWN)momoho(ももほ) | モアコンタクト,https://morecon.jp/i/6389,골드브라운,,글로우/하이라이트,,볼드링,
2026-06-19,일본,Morecon,4,オーレンズ グローイワンデー ブラウン(OLENS Glowy 1day Brown)MEOVV(ミヤオ) | モアコンタクト,https://morecon.jp/i/4952,골드브라운,,글로우/하이라이트,,슬림링,
2026-06-19,일본,Morecon,5,マランマラン ルナリアピンク(malun malun LUNARIA PINK)momoho(ももほ) | モアコンタクト,https://morecon.jp/i/6386,로즈브라운,,글로우/하이라이트,,볼드링,
2026-06-19,일본,Morecon,6,エンジェルカラーバンビワンデーNEW スノーココア(Angelcolor Bambi Series 1day Snow Cocoa)益若つばさ(つーちゃん) | モアコンタクト,https://morecon.jp/i/6269,골드브라운,,글로우/하이라이트,,볼드링,
2026-06-22,일본,Morecon,1,チューズミー ベイビーブラウン(NEW)(Chu’s me BABY BROWN)菅本裕子(ゆうこす) | モアコンタクト,https://morecon.jp/i/4021,다크브라운,,네추럴/소프트,,노 엣지,
2026-06-22,일본,Morecon,2,エバーカラーワンデーナチュラル パールベージュ(EverColor1day Natural Pearl Beige)新木優子 | モアコンタクト,https://morecon.jp/i/3821,애쉬브라운,,네추럴/소프트,,라인 엣지,
2026-06-22,일본,Morecon,3,マランマラン ルナリアブラウン(malun malun LUNARIA BROWN)momoho(ももほ) | モアコンタクト,https://morecon.jp/i/6389,골드브라운,,글로우/하이라이트,,볼드링,
2026-06-22,일본,Morecon,4,オーレンズ グローイワンデー ブラウン(OLENS Glowy 1day Brown)MEOVV(ミヤオ) | モアコンタクト,https://morecon.jp/i/4952,골드브라운,,글로우/하이라이트,,슬림링,
2026-06-22,일본,Morecon,5,マランマラン ルナリアピンク(malun malun LUNARIA PINK)momoho(ももほ) | モアコンタクト,https://morecon.jp/i/6386,로즈브라운,,글로우/하이라이트,,볼드링,
2026-06-22,일본,Morecon,6,エンジェルカラーバンビワンデーNEW スノーココア(Angelcolor Bambi Series 1day Snow Cocoa)益若つばさ(つーちゃん) | モアコンタクト,https://morecon.jp/i/6269,골드브라운,,글로우/하이라이트,,볼드링,
2026-06-23,일본,Morecon,1,チューズミー ベイビーブラウン(NEW)(Chu’s me BABY BROWN)菅本裕子(ゆうこす) | モアコンタクト,https://morecon.jp/i/4021,다크브라운,,네추럴/소프트,,노 엣지,
2026-06-23,일본,Morecon,2,エバーカラーワンデーナチュラル パールベージュ(EverColor1day Natural Pearl Beige)新木優子 | モアコンタクト,https://morecon.jp/i/3821,애쉬브라운,,네추럴/소프트,,라인 엣지,
2026-06-23,일본,Morecon,3,マランマラン ルナリアブラウン(malun malun LUNARIA BROWN)momoho(ももほ) | モアコンタクト,https://morecon.jp/i/6389,골드브라운,,글로우/하이라이트,,볼드링,
2026-06-23,일본,Morecon,4,マランマラン ルナリアピンク(malun malun LUNARIA PINK)momoho(ももほ) | モアコンタクト,https://morecon.jp/i/6386,로즈브라운,,글로우/하이라이트,,볼드링,
2026-06-23,일본,Morecon,5,エンジェルカラーバンビワンデーNEW スノーココア(Angelcolor Bambi Series 1day Snow Cocoa)益若つばさ(つーちゃん) | モアコンタクト,https://morecon.jp/i/6269,골드브라운,,글로우/하이라이트,,볼드링,
2026-06-23,일본,Morecon,6,オーレンズ グローイワンデー ブラウン(OLENS Glowy 1day Brown)MEOVV(ミヤオ) | モアコンタクト,https://morecon.jp/i/4952,골드브라운,,글로우/하이라이트,,슬림링,
2026-06-24,일본,Morecon,1,チューズミー ベイビーブラウン(NEW)(Chu’s me BABY BROWN)菅本裕子(ゆうこす) | モアコンタクト,https://morecon.jp/i/4021,다크브라운,,네추럴/소프트,,노 엣지,
2026-06-24,일본,Morecon,2,エバーカラーワンデーナチュラル パールベージュ(EverColor1day Natural Pearl Beige)新木優子 | モアコンタクト,https://morecon.jp/i/3821,애쉬브라운,,네추럴/소프트,,라인 엣지,
2026-06-24,일본,Morecon,3,マランマラン ルナリアブラウン(malun malun LUNARIA BROWN)momoho(ももほ) | モアコンタクト,https://morecon.jp/i/6389,골드브라운,,글로우/하이라이트,,볼드링,
2026-06-24,일본,Morecon,4,エンジェルカラーバンビワンデーNEW スノーココア(Angelcolor Bambi Series 1day Snow Cocoa)益若つばさ(つーちゃん) | モアコンタクト,https://morecon.jp/i/6269,골드브라운,,글로우/하이라이트,,볼드링,
2026-06-24,일본,Morecon,5,マランマラン ルナリアピンク(malun malun LUNARIA PINK)momoho(ももほ) | モアコンタクト,https://morecon.jp/i/6386,로즈브라운,,글로우/하이라이트,,볼드링,
2026-06-24,일본,Morecon,6,オーレンズ グローイワンデー ブラウン(OLENS Glowy 1day Brown)MEOVV(ミヤオ) | モアコンタクト,https://morecon.jp/i/4952,골드브라운,,글로우/하이라이트,,슬림링,
2026-06-24,일본,Morecon,6,フルーリー リングラージアッシュブラウン(おねだりフクロウ)(Flurry Ring Large AshBrown)明日花キララ | モアコンタクト,https://morecon.jp/i/6460,미입력,,미입력,,미입력,
2026-06-25,일본,Morecon,1,チューズミー ベイビーブラウン(NEW)(Chu’s me BABY BROWN)菅本裕子(ゆうこす) | モアコンタクト,https://morecon.jp/i/4021,다크브라운,,네추럴/소프트,,노 엣지,
2026-06-25,일본,Morecon,2,エバーカラーワンデーナチュラル パールベージュ(EverColor1day Natural Pearl Beige)新木優子 | モアコンタクト,https://morecon.jp/i/3821,애쉬브라운,,네추럴/소프트,,라인 엣지,
2026-06-25,일본,Morecon,3,マランマラン ルナリアブラウン(malun malun LUNARIA BROWN)momoho(ももほ) | モアコンタクト,https://morecon.jp/i/6389,골드브라운,,글로우/하이라이트,,볼드링,
2026-06-25,일본,Morecon,4,エンジェルカラーバンビワンデーNEW スノーココア(Angelcolor Bambi Series 1day Snow Cocoa)益若つばさ(つーちゃん) | モアコンタクト,https://morecon.jp/i/6269,골드브라운,,글로우/하이라이트,,볼드링,
2026-06-25,일본,Morecon,5,マランマラン ルナリアピンク(malun malun LUNARIA PINK)momoho(ももほ) | モアコンタクト,https://morecon.jp/i/6386,로즈브라운,,글로우/하이라이트,,볼드링,
2026-06-25,일본,Morecon,6,フルーリー リングラージアッシュブラウン(おねだりフクロウ)(Flurry Ring Large AshBrown)明日花キララ | モアコンタクト,https://morecon.jp/i/6460,미입력,,미입력,,미입력,
2026-08-24,일본,Morecon,1,チューズミー ベイビーブラウン(NEW)(Chu’s me BABY BROWN)菅本裕子(ゆうこす) | モアコンタクト,https://morecon.jp/i/4021,다크브라운,,네추럴/소프트,,노 엣지,
2026-08-24,일본,Morecon,2,フランミー シュガーチュロス(FLANMY SUGAR CHURROS)佐々木希 | モアコンタクト,https://morecon.jp/i/6311,브라운,,글로우/하이라이트,,슬림링,
2026-08-24,일본,Morecon,3,エバーカラーワンデーナチュラル パールベージュ(EverColor1day Natural Pearl Beige)新木優子 | モアコンタクト,https://morecon.jp/i/3821,애쉬브라운,,네추럴/소프트,,라인 엣지,
2026-08-24,일본,Morecon,4,オーレンズ グローイワンデー ブラウン(OLENS Glowy 1day Brown)MEOVV(ミヤオ) | モアコンタクト,https://morecon.jp/i/4952,골드브라운,,글로우/하이라이트,,슬림링,
2026-08-24,일본,Morecon,4,フランミー ビターチュロス(FLANMY BITTER CHURROS)佐々木希 | モアコンタクト,https://morecon.jp/i/6310,다크브라운,,네추럴/소프트,,슬림링,
2026-08-24,일본,Morecon,5,フランミー きなこロール(FLANMY KinakoRoll)佐々木希 | モアコンタクト,https://morecon.jp/i/3735,브라운,,네추럴/소프트,,블러 엣지,
2026-08-24,일본,Morecon,6,エンジェルカラーバンビワンデーNEW スノーココア(Angelcolor Bambi Series 1day Snow Cocoa)益若つばさ(つーちゃん) | モアコンタクト,https://morecon.jp/i/6269,골드브라운,,글로우/하이라이트,,볼드링,
2026-08-24,일본,Morecon,6,コファンシー モルテンパフ(CoFANCY Molten Puff) | モアコンタクト,https://morecon.jp/i/6564,브라운,,글로우/하이라이트,,노 엣지,
2026-08-25,일본,Morecon,1,チューズミー ベイビーブラウン(NEW)(Chu’s me BABY BROWN)菅本裕子(ゆうこす) | モアコンタクト,https://morecon.jp/i/4021,다크브라운,,네추럴/소프트,,노 엣지,
2026-08-25,일본,Morecon,2,フランミー シュガーチュロス(FLANMY SUGAR CHURROS)佐々木希 | モアコンタクト,https://morecon.jp/i/6311,브라운,,글로우/하이라이트,,슬림링,
2026-08-25,일본,Morecon,3,エバーカラーワンデーナチュラル パールベージュ(EverColor1day Natural Pearl Beige)新木優子 | モアコンタクト,https://morecon.jp/i/3821,애쉬브라운,,네추럴/소프트,,라인 엣지,
2026-08-25,일본,Morecon,4,フランミー ビターチュロス(FLANMY BITTER CHURROS)佐々木希 | モアコンタクト,https://morecon.jp/i/6310,다크브라운,,네추럴/소프트,,슬림링,
2026-08-25,일본,Morecon,5,ワナフ ラスティングパール(WANAF LASTING PEARL)キム・ミンジュ | モアコンタクト,https://morecon.jp/i/6416,애쉬브라운,,글로우/하이라이트,,슬림링,
2026-08-25,일본,Morecon,6,コファンシー モルテンパフ(CoFANCY Molten Puff) | モアコンタクト,https://morecon.jp/i/6564,브라운,,글로우/하이라이트,,노 엣지,
2026-08-25,일본,Morecon,6,フランミー きなこロール(FLANMY KinakoRoll)佐々木希 | モアコンタクト,https://morecon.jp/i/3735,브라운,,네추럴/소프트,,블러 엣지,
2026-08-25,일본,Queen Eyes,1,LARME ラルムシリコンハイドロゲルダブルモイストUV カシミアブラウン (1箱10枚入り),https://www.queen-eyes.com/c/LARME/LARMESILICONEHYDROGEL/LR23,그레이,,글로우/하이라이트,,중간 엣지,
2026-08-25,일본,Queen Eyes,2,LARME ラルムシリコンハイドロゲルダブルモイストUV アディクティーベージュ (1箱10枚入り),https://www.queen-eyes.com/c/LARME/LARMESILICONEHYDROGEL/LARME-15,라이트그레이,,글로우/하이라이트,,중간 엣지,
2026-08-25,일본,Queen Eyes,3,LARME MELTY SERIES ラルムメルティシリーズ ミルクブラウン(1箱10枚入り),https://www.queen-eyes.com/c/LARME/LARMEMELTYSERIES/MELTY-07,브라운,,네추럴/소프트,,블러 엣지,
2026-08-25,일본,Queen Eyes,4,LARME MELTY SERIES ラルムメルティシリーズ ベロアチョコ(1箱10枚入り),https://www.queen-eyes.com/c/LARME/LARMEMELTYSERIES/MELTY-03,애쉬브라운,,네추럴/소프트,,중간 엣지,
2026-08-25,일본,Queen Eyes,5,LARME NATURAL ラルムナチュラル ココベア(1箱20枚入り),https://www.queen-eyes.com/c/LARME/LARMENATURAL/LARME-N03,다크그레이,,네추럴/소프트,,중간 엣지,
2026-08-25,일본,Queen Eyes,6,LARME ラルムシリコンハイドロゲルダブルモイストUV ピュールリング (1箱10枚入り),https://www.queen-eyes.com/c/LARME/LARMESILICONEHYDROGEL/LARME-12,애쉬브라운,,네추럴/소프트,,중간 엣지,
2026-08-26,일본,Morecon,1,チューズミー ベイビーブラウン(NEW)(Chu’s me BABY BROWN)菅本裕子(ゆうこす) | モアコンタクト,https://morecon.jp/i/4021,다크브라운,,네추럴/소프트,,노 엣지,
2026-08-26,일본,Morecon,2,フランミー シュガーチュロス(FLANMY SUGAR CHURROS)佐々木希 | モアコンタクト,https://morecon.jp/i/6311,브라운,,글로우/하이라이트,,슬림링,
2026-08-26,일본,Morecon,3,エバーカラーワンデーナチュラル パールベージュ(EverColor1day Natural Pearl Beige)新木優子 | モアコンタクト,https://morecon.jp/i/3821,애쉬브라운,,네추럴/소프트,,라인 엣지,
2026-08-26,일본,Morecon,4,フランミー ビターチュロス(FLANMY BITTER CHURROS)佐々木希 | モアコンタクト,https://morecon.jp/i/6310,다크브라운,,네추럴/소프트,,슬림링,
2026-08-26,일본,Morecon,5,ワナフ ラスティングパール(WANAF LASTING PEARL)キム・ミンジュ | モアコンタクト,https://morecon.jp/i/6416,애쉬브라운,,글로우/하이라이트,,슬림링,
2026-08-26,일본,Morecon,6,フランミー きなこロール(FLANMY KinakoRoll)佐々木希 | モアコンタクト,https://morecon.jp/i/3735,브라운,,네추럴/소프트,,블러 엣지,
2026-08-26,일본,Queen Eyes,1,LARME ラルムシリコンハイドロゲルダブルモイストUV カシミアブラウン (1箱10枚入り),https://www.queen-eyes.com/c/LARME/LARMESILICONEHYDROGEL/LR23,그레이,,글로우/하이라이트,,중간 엣지,
2026-08-26,일본,Queen Eyes,2,LARME ラルムシリコンハイドロゲルダブルモイストUV アディクティーベージュ (1箱10枚入り),https://www.queen-eyes.com/c/LARME/LARMESILICONEHYDROGEL/LARME-15,라이트그레이,,글로우/하이라이트,,중간 엣지,
2026-08-26,일본,Queen Eyes,3,LARME ラルムシリコンハイドロゲルダブルモイストUV ピュールリング (1箱10枚入り),https://www.queen-eyes.com/c/LARME/LARMESILICONEHYDROGEL/LARME-12,애쉬브라운,,네추럴/소프트,,중간 엣지,
2026-08-26,일본,Queen Eyes,4,LARME ラルムシリコンハイドロゲルダブルモイストUV アイスグレーブラウン (1箱10枚入り),https://www.queen-eyes.com/c/LARME/LARMESILICONEHYDROGEL/LARME-14,그레이,,네추럴/소프트,,중간 엣지,
2026-08-26,일본,Queen Eyes,5,LARME ラルムシリコンハイドロゲルダブルモイストUV ウォーターティントブラウン (1箱10枚入り),https://www.queen-eyes.com/c/LARME/LARMESILICONEHYDROGEL/LR16,라이트그레이,,네추럴/소프트,,슬림링,
2026-08-26,일본,Queen Eyes,6,LARME ラルムシリコンハイドロゲルダブルモイストUV クラッシィシャドウ (1箱10枚入り),https://www.queen-eyes.com/c/LARME/LARMESILICONEHYDROGEL/LR19,블랙,,딥/클래식,,슬림링,
2026-08-27,일본,Morecon,1,チューズミー ベイビーブラウン(NEW)(Chu’s me BABY BROWN)菅本裕子(ゆうこす) | モアコンタクト,https://morecon.jp/i/4021,다크브라운,,네추럴/소프트,,노 엣지,
2026-08-27,일본,Morecon,2,フランミー シュガーチュロス(FLANMY SUGAR CHURROS)佐々木希 | モアコンタクト,https://morecon.jp/i/6311,브라운,,글로우/하이라이트,,슬림링,
2026-08-27,일본,Morecon,3,フランミー ビターチュロス(FLANMY BITTER CHURROS)佐々木希 | モアコンタクト,https://morecon.jp/i/6310,다크브라운,,네추럴/소프트,,슬림링,
2026-08-27,일본,Morecon,4,エバーカラーワンデーナチュラル パールベージュ(EverColor1day Natural Pearl Beige)新木優子 | モアコンタクト,https://morecon.jp/i/3821,애쉬브라운,,네추럴/소프트,,라인 엣지,
2026-08-27,일본,Morecon,5,フランミー きなこロール(FLANMY KinakoRoll)佐々木希 | モアコンタクト,https://morecon.jp/i/3735,브라운,,네추럴/소프트,,블러 엣지,
2026-08-27,일본,Morecon,6,コファンシー モルテンパフ(CoFANCY Molten Puff) | モアコンタクト,https://morecon.jp/i/6564,브라운,,글로우/하이라이트,,노 엣지,
2026-09-02,일본,Morecon,1,チューズミー ベイビーブラウン(NEW)(Chu’s me BABY BROWN)菅本裕子(ゆうこす) | モアコンタクト,https://morecon.jp/i/4021,다크브라운,,네추럴/소프트,,노 엣지,
2026-09-02,일본,Morecon,2,フランミー シュガーチュロス(FLANMY SUGAR CHURROS)佐々木希 | モアコンタクト,https://morecon.jp/i/6311,브라운,,글로우/하이라이트,,슬림링,
2026-09-02,일본,Morecon,3,エバーカラーワンデーナチュラル パールベージュ(EverColor1day Natural Pearl Beige)新木優子 | モアコンタクト,https://morecon.jp/i/3821,애쉬브라운,,네추럴/소프트,,라인 엣지,
2026-09-02,일본,Morecon,4,フランミー ビターチュロス(FLANMY BITTER CHURROS)佐々木希 | モアコンタクト,https://morecon.jp/i/6310,다크브라운,,네추럴/소프트,,슬림링,
2026-09-02,일본,Morecon,5,オーレンズ グローイワンデー ブラウン(OLENS Glowy 1day Brown)MEOVV(ミヤオ) | モアコンタクト,https://morecon.jp/i/4952,골드브라운,,글로우/하이라이트,,슬림링,
2026-09-02,일본,Morecon,6,フランミー きなこロール(FLANMY KinakoRoll)佐々木希 | モアコンタクト,https://morecon.jp/i/3735,브라운,,네추럴/소프트,,블러 엣지,
2026-09-03,일본,Morecon,1,チューズミー ベイビーブラウン(NEW)(Chu’s me BABY BROWN)菅本裕子(ゆうこす) | モアコンタクト,https://morecon.jp/i/4021,다크브라운,,네추럴/소프트,,노 엣지,
2026-09-03,일본,Morecon,2,エバーカラーワンデーナチュラル パールベージュ(EverColor1day Natural Pearl Beige)新木優子 | モアコンタクト,https://morecon.jp/i/3821,애쉬브라운,,네추럴/소프트,,라인 엣지,
2026-09-03,일본,Morecon,3,フランミー シュガーチュロス(FLANMY SUGAR CHURROS)佐々木希 | モアコンタクト,https://morecon.jp/i/6311,브라운,,글로우/하이라이트,,슬림링,
2026-09-03,일본,Morecon,4,フランミー ビターチュロス(FLANMY BITTER CHURROS)佐々木希 | モアコンタクト,https://morecon.jp/i/6310,다크브라운,,네추럴/소프트,,슬림링,
2026-09-03,일본,Morecon,5,オーレンズ グローイワンデー ブラウン(OLENS Glowy 1day Brown)MEOVV(ミヤオ) | モアコンタクト,https://morecon.jp/i/4952,골드브라운,,글로우/하이라이트,,슬림링,
2026-09-03,일본,Morecon,6,エンジェルカラーバンビワンデーNEW スノーココア(Angelcolor Bambi Series 1day Snow Cocoa)益若つばさ(つーちゃん) | モアコンタクト,https://morecon.jp/i/6269,골드브라운,,글로우/하이라이트,,볼드링,
2026-09-03,일본,Queen Eyes,1,LARME ラルムシリコンハイドロゲルダブルモイストUV カシミアブラウン (1箱10枚入り),https://www.queen-eyes.com/c/LARME/LARMESILICONEHYDROGEL/LR23,그레이,,글로우/하이라이트,,중간 엣지,
2026-09-03,일본,Queen Eyes,2,LARME ラルムシリコンハイドロゲルダブルモイストUV ピュールリング (1箱10枚入り),https://www.queen-eyes.com/c/LARME/LARMESILICONEHYDROGEL/LARME-12,애쉬브라운,,네추럴/소프트,,중간 엣지,
2026-09-03,일본,Queen Eyes,3,LARME ラルムシリコンハイドロゲルダブルモイストUV アディクティーベージュ (1箱10枚入り),https://www.queen-eyes.com/c/LARME/LARMESILICONEHYDROGEL/LARME-15,라이트그레이,,글로우/하이라이트,,중간 엣지,
2026-09-03,일본,Queen Eyes,4,LARME ラルムモイスチャーUV ハニースウィート(1箱10枚入り),https://www.queen-eyes.com/c/LARME/LARME42/LARME-HBRN,,,,,,
2026-09-03,일본,Queen Eyes,5,LARME ラルムシリコンハイドロゲルダブルモイストUV アイスグレーブラウン (1箱10枚入り),https://www.queen-eyes.com/c/LARME/LARMESILICONEHYDROGEL/LARME-14,그레이,,네추럴/소프트,,중간 엣지,
2026-09-03,일본,Queen Eyes,6,LARME MELTY SERIES ラルムメルティシリーズ バターココア(1箱10枚入り),https://www.queen-eyes.com/c/LARME/LARMEMELTYSERIES/MELTY-15,,,,,,
2026-09-04,일본,Morecon,1,チューズミー ベイビーブラウン(NEW)(Chu’s me BABY BROWN)菅本裕子(ゆうこす) | モアコンタクト,https://morecon.jp/i/4021,다크브라운,,네추럴/소프트,,노 엣지,
2026-09-04,일본,Morecon,2,エバーカラーワンデーナチュラル パールベージュ(EverColor1day Natural Pearl Beige)新木優子 | モアコンタクト,https://morecon.jp/i/3821,애쉬브라운,,네추럴/소프트,,라인 엣지,
2026-09-04,일본,Morecon,3,フランミー シュガーチュロス(FLANMY SUGAR CHURROS)佐々木希 | モアコンタクト,https://morecon.jp/i/6311,브라운,,글로우/하이라이트,,슬림링,
2026-09-04,일본,Morecon,4,フランミー ビターチュロス(FLANMY BITTER CHURROS)佐々木希 | モアコンタクト,https://morecon.jp/i/6310,다크브라운,,네추럴/소프트,,슬림링,
2026-09-04,일본,Morecon,5,オーレンズ グローイワンデー ブラウン(OLENS Glowy 1day Brown)MEOVV(ミヤオ) | モアコンタクト,https://morecon.jp/i/4952,골드브라운,,글로우/하이라이트,,슬림링,
2026-09-04,일본,Morecon,6,エンジェルカラーバンビワンデーNEW スノーココア(Angelcolor Bambi Series 1day Snow Cocoa)益若つばさ(つーちゃん) | モアコンタクト,https://morecon.jp/i/6269,골드브라운,,글로우/하이라이트,,볼드링,
2026-09-04,일본,Queen Eyes,1,LARME ラルムシリコンハイドロゲルダブルモイストUV カシミアブラウン (1箱10枚入り),https://www.queen-eyes.com/c/LARME/LARMESILICONEHYDROGEL/LR23,그레이,,글로우/하이라이트,,중간 엣지,
2026-09-04,일본,Queen Eyes,2,LARME ラルムシリコンハイドロゲルダブルモイストUV アイスグレーブラウン (1箱10枚入り),https://www.queen-eyes.com/c/LARME/LARMESILICONEHYDROGEL/LARME-14,그레이,,네추럴/소프트,,중간 엣지,
2026-09-04,일본,Queen Eyes,3,LARME ラルムシリコンハイドロゲルダブルモイストUV ピュールリング (1箱10枚入り),https://www.queen-eyes.com/c/LARME/LARMESILICONEHYDROGEL/LARME-12,애쉬브라운,,네추럴/소프트,,중간 엣지,
2026-09-04,일본,Queen Eyes,4,LARME ラルムシリコンハイドロゲルダブルモイストUV アディクティーベージュ (1箱10枚入り),https://www.queen-eyes.com/c/LARME/LARMESILICONEHYDROGEL/LARME-15,라이트그레이,,글로우/하이라이트,,중간 엣지,
2026-09-04,일본,Queen Eyes,5,LARME ラルムシリコンハイドロゲルダブルモイストUV シアーリングベージュ (1箱10枚入り),https://www.queen-eyes.com/c/LARME/LARMESILICONEHYDROGEL/LARME-07,,,,,,
2026-09-04,일본,Queen Eyes,6,LARME ラルムシリコンハイドロゲルダブルモイストUV ビッグアディクティーベージュ (1箱10枚入り),https://www.queen-eyes.com/c/LARME/LARMESILICONEHYDROGEL/LR17,,,,,,
2026-09-05,일본,Morecon,1,チューズミー ベイビーブラウン(NEW)(Chu’s me BABY BROWN)菅本裕子(ゆうこす) | モアコンタクト,https://morecon.jp/i/4021,다크브라운,,네추럴/소프트,,노 엣지,
2026-09-05,일본,Morecon,2,フランミー シュガーチュロス(FLANMY SUGAR CHURROS)佐々木希 | モアコンタクト,https://morecon.jp/i/6311,브라운,,글로우/하이라이트,,슬림링,
2026-09-05,일본,Morecon,3,エバーカラーワンデーナチュラル パールベージュ(EverColor1day Natural Pearl Beige)新木優子 | モアコンタクト,https://morecon.jp/i/3821,애쉬브라운,,네추럴/소프트,,라인 엣지,
2026-09-05,일본,Morecon,4,フランミー ビターチュロス(FLANMY BITTER CHURROS)佐々木希 | モアコンタクト,https://morecon.jp/i/6310,다크브라운,,네추럴/소프트,,슬림링,
2026-09-05,일본,Morecon,5,モラク ワンデー ロージードロップ(MOLAK 1day Rosy Drop)宮脇咲良 (さくらたん) | モアコンタクト,https://morecon.jp/i/6614,,,,,,
2026-09-05,일본,Morecon,6,エンジェルカラーバンビワンデーNEW スノーココア(Angelcolor Bambi Series 1day Snow Cocoa)益若つばさ(つーちゃん) | モアコンタクト,https://morecon.jp/i/6269,골드브라운,,글로우/하이라이트,,볼드링,
2026-09-05,일본,Queen Eyes,1,Qyunpid キュンピッド ヒロインコア(1箱10枚入り),https://www.queen-eyes.com/c/qyunpid/qpd04,,,,,,
2026-09-05,일본,Queen Eyes,2,Qyunpid キュンピッド ゼリートリック(1箱10枚入り),https://www.queen-eyes.com/c/qyunpid/qpd01,,,,,,
2026-09-05,일본,Queen Eyes,3,Qyunpid キュンピッド バブグラム(1箱10枚入り),https://www.queen-eyes.com/c/qyunpid/qpd03,,,,,,
2026-09-05,일본,Queen Eyes,4,Qyunpid キュンピッド メロベリー(1箱10枚入り),https://www.queen-eyes.com/c/qyunpid/qpd02,,,,,,
2026-09-05,일본,Queen Eyes,5,LARME ラルムシリコンハイドロゲルダブルモイストUV カシミアブラウン (1箱10枚入り),https://www.queen-eyes.com/c/LARME/LARMESILICONEHYDROGEL/LR23,그레이,,글로우/하이라이트,,중간 엣지,
2026-09-05,일본,Queen Eyes,6,azatome あざとめ ヒロインレシピ(1箱10枚入り),https://www.queen-eyes.com/c/azatome/azatome09,,,,,,
2026-09-06,일본,Morecon,1,チューズミー ベイビーブラウン(NEW)(Chu’s me BABY BROWN)菅本裕子(ゆうこす) | モアコンタクト,https://morecon.jp/i/4021,다크브라운,,네추럴/소프트,,노 엣지,
2026-09-06,일본,Morecon,2,フランミー シュガーチュロス(FLANMY SUGAR CHURROS)佐々木希 | モアコンタクト,https://morecon.jp/i/6311,브라운,,글로우/하이라이트,,슬림링,
2026-09-06,일본,Morecon,3,エバーカラーワンデーナチュラル パールベージュ(EverColor1day Natural Pearl Beige)新木優子 | モアコンタクト,https://morecon.jp/i/3821,애쉬브라운,,네추럴/소프트,,라인 엣지,
2026-09-06,일본,Morecon,4,フランミー ビターチュロス(FLANMY BITTER CHURROS)佐々木希 | モアコンタクト,https://morecon.jp/i/6310,다크브라운,,네추럴/소프트,,슬림링,
2026-09-06,일본,Morecon,5,モラク ワンデー ロージードロップ(MOLAK 1day Rosy Drop)宮脇咲良 (さくらたん) | モアコンタクト,https://morecon.jp/i/6614,,,,,,
2026-09-06,일본,Morecon,6,エンジェルカラーバンビワンデーNEW スノーココア(Angelcolor Bambi Series 1day Snow Cocoa)益若つばさ(つーちゃん) | モアコンタクト,https://morecon.jp/i/6269,골드브라운,,글로우/하이라이트,,볼드링,
2026-09-06,일본,Queen Eyes,1,Qyunpid キュンピッド ヒロインコア(1箱10枚入り),https://www.queen-eyes.com/c/qyunpid/qpd04,,,,,,
2026-09-06,일본,Queen Eyes,2,LARME ラルムシリコンハイドロゲルダブルモイストUV カシミアブラウン (1箱10枚入り),https://www.queen-eyes.com/c/LARME/LARMESILICONEHYDROGEL/LR23,그레이,,글로우/하이라이트,,중간 엣지,
2026-09-06,일본,Queen Eyes,3,LARME ラルムシリコンハイドロゲルダブルモイストUV ピュールリング (1箱10枚入り),https://www.queen-eyes.com/c/LARME/LARMESILICONEHYDROGEL/LARME-12,애쉬브라운,,네추럴/소프트,,중간 엣지,
2026-09-06,일본,Queen Eyes,4,LARME ラルムシリコンハイドロゲルダブルモイストUV アディクティーベージュ (1箱10枚入り),https://www.queen-eyes.com/c/LARME/LARMESILICONEHYDROGEL/LARME-15,라이트그레이,,글로우/하이라이트,,중간 엣지,
2026-09-06,일본,Queen Eyes,5,Qyunpid キュンピッド ゼリートリック(1箱10枚入り),https://www.queen-eyes.com/c/qyunpid/qpd01,,,,,,
2026-09-06,일본,Queen Eyes,6,LARME ラルムシリコンハイドロゲルダブルモイストUV アイスグレーブラウン (1箱10枚入り),https://www.queen-eyes.com/c/LARME/LARMESILICONEHYDROGEL/LARME-14,그레이,,네추럴/소프트,,중간 엣지,
2026-09-07,일본,Hotel Lovers,1,デューリット シリコーン ハイドロゲル／シリコン（Dewlit silicone hydrogel） ブラウンデュー【回らない水光】,https://hotellovers.jp/item/9f4b9b5a-30b0-481d-b7d5-45ea23723b65?color=brd,,,,,,
2026-09-07,일본,Hotel Lovers,2,デューリット シリコーン ハイドロゲル／シリコン（Dewlit silicone hydrogel） ベージュデュー【回らない水光】,https://hotellovers.jp/item/9f4b9b5a-30b0-481d-b7d5-45ea23723b65?color=bgd,,,,,,
2026-09-07,일본,Hotel Lovers,3,デューリット シリコーン ハイドロゲル／シリコン（Dewlit silicone hydrogel） デビルデュー【回らない水光】,https://hotellovers.jp/item/9f4b9b5a-30b0-481d-b7d5-45ea23723b65?color=dvd,,,,,,
2026-09-07,일본,Hotel Lovers,4,デューリット シリコーン ハイドロゲル／シリコン（Dewlit silicone hydrogel） グレーデュー【回らない水光】,https://hotellovers.jp/item/9f4b9b5a-30b0-481d-b7d5-45ea23723b65?color=grd,,,,,,
2026-09-07,일본,Hotel Lovers,5,おちゃめ シリコーン ハイドロゲル／シリコン ちゃいろ,https://hotellovers.jp/item/41ba2147-5bbf-4123-bf74-425814545055?color=chir,,,,,,
2026-09-07,일본,Hotel Lovers,6,ハニーキス（Honey Kiss） ちゅるんキャンディチョコグレー,https://hotellovers.jp/item/14cf89e5-662d-436c-860f-1420125350b6?color=chcdg,,,,,,
2026-09-07,일본,Morecon,1,チューズミー ベイビーブラウン(NEW)(Chu’s me BABY BROWN)菅本裕子(ゆうこす) | モアコンタクト,https://morecon.jp/i/4021,다크브라운,,네추럴/소프트,,노 엣지,
2026-09-07,일본,Morecon,2,フランミー シュガーチュロス(FLANMY SUGAR CHURROS)佐々木希 | モアコンタクト,https://morecon.jp/i/6311,브라운,,글로우/하이라이트,,슬림링,
2026-09-07,일본,Morecon,3,エバーカラーワンデーナチュラル パールベージュ(EverColor1day Natural Pearl Beige)新木優子 | モアコンタクト,https://morecon.jp/i/3821,애쉬브라운,,네추럴/소프트,,라인 엣지,
2026-09-07,일본,Morecon,4,モラク ワンデー ロージードロップ(MOLAK 1day Rosy Drop)宮脇咲良 (さくらたん) | モアコンタクト,https://morecon.jp/i/6614,,,,,,
2026-09-07,일본,Morecon,5,フランミー ビターチュロス(FLANMY BITTER CHURROS)佐々木希 | モアコンタクト,https://morecon.jp/i/6310,다크브라운,,네추럴/소프트,,슬림링,
2026-09-07,일본,Morecon,6,トパーズ デートトパーズ(TOPARDS Date Topaz)指原莉乃(さっしー) | モアコンタクト,https://morecon.jp/i/3345,,,,,,
2026-09-07,일본,Queen Eyes,1,LARME ラルムシリコンハイドロゲルダブルモイストUV カシミアブラウン (1箱10枚入り),https://www.queen-eyes.com/c/LARME/LARMESILICONEHYDROGEL/LR23,그레이,,글로우/하이라이트,,중간 엣지,
2026-09-07,일본,Queen Eyes,2,LARME ラルムシリコンハイドロゲルダブルモイストUV ピュールリング (1箱10枚入り),https://www.queen-eyes.com/c/LARME/LARMESILICONEHYDROGEL/LARME-12,애쉬브라운,,네추럴/소프트,,중간 엣지,
2026-09-07,일본,Queen Eyes,3,LARME ラルムモイスチャーUV ハニースウィート(1箱10枚入り),https://www.queen-eyes.com/c/LARME/LARME42/LARME-HBRN,,,,,,
2026-09-07,일본,Queen Eyes,4,LARME ラルムシリコンハイドロゲルダブルモイストUV アイスグレーブラウン (1箱10枚入り),https://www.queen-eyes.com/c/LARME/LARMESILICONEHYDROGEL/LARME-14,그레이,,네추럴/소프트,,중간 엣지,
2026-09-07,일본,Queen Eyes,5,LARME ラルムシリコンハイドロゲルダブルモイストUV アディクティーベージュ (1箱10枚入り),https://www.queen-eyes.com/c/LARME/LARMESILICONEHYDROGEL/LARME-15,라이트그레이,,글로우/하이라이트,,중간 엣지,
2026-09-07,일본,Queen Eyes,6,Qyunpid キュンピッド ゼリートリック(1箱10枚入り),https://www.queen-eyes.com/c/qyunpid/qpd01,,,,,,
2026-09-08,일본,Hotel Lovers,1,デューリット シリコーン ハイドロゲル／シリコン（Dewlit silicone hydrogel） ブラウンデュー【回らない水光】,https://hotellovers.jp/item/daa5558e-2f40-4d63-a45f-c7c1a1558a65?color=brd,,,,,,
2026-09-08,일본,Hotel Lovers,2,デューリット シリコーン ハイドロゲル／シリコン（Dewlit silicone hydrogel） ベージュデュー【回らない水光】,https://hotellovers.jp/item/9f4b9b5a-30b0-481d-b7d5-45ea23723b65?color=bgd,,,,,,
2026-09-08,일본,Hotel Lovers,3,デューリット シリコーン ハイドロゲル／シリコン（Dewlit silicone hydrogel） デビルデュー【回らない水光】,https://hotellovers.jp/item/9f4b9b5a-30b0-481d-b7d5-45ea23723b65?color=dvd,,,,,,
2026-09-08,일본,Hotel Lovers,4,デューリット シリコーン ハイドロゲル／シリコン（Dewlit silicone hydrogel） グレーデュー【回らない水光】,https://hotellovers.jp/item/9f4b9b5a-30b0-481d-b7d5-45ea23723b65?color=grd,,,,,,
2026-09-08,일본,Hotel Lovers,5,ハニーキス（Honey Kiss） ちゅるんキャンディチョコグレー,https://hotellovers.jp/item/14cf89e5-662d-436c-860f-1420125350b6?color=chcdg,,,,,,
2026-09-08,일본,Hotel Lovers,6,おちゃめ シリコーン ハイドロゲル／シリコン ちゃいろ,https://hotellovers.jp/item/41ba2147-5bbf-4123-bf74-425814545055?color=chir,,,,,,
2026-09-08,일본,Morecon,1,チューズミー ベイビーブラウン(NEW)(Chu’s me BABY BROWN)菅本裕子(ゆうこす) | モアコンタクト,https://morecon.jp/i/4021,다크브라운,,네추럴/소프트,,노 엣지,
2026-09-08,일본,Morecon,2,フランミー シュガーチュロス(FLANMY SUGAR CHURROS)佐々木希 | モアコンタクト,https://morecon.jp/i/6311,브라운,,글로우/하이라이트,,슬림링,
2026-09-08,일본,Morecon,3,エバーカラーワンデーナチュラル パールベージュ(EverColor1day Natural Pearl Beige)新木優子 | モアコンタクト,https://morecon.jp/i/3821,애쉬브라운,,네추럴/소프트,,라인 엣지,
2026-09-08,일본,Morecon,4,モラク ワンデー ロージードロップ(MOLAK 1day Rosy Drop)宮脇咲良 (さくらたん) | モアコンタクト,https://morecon.jp/i/6614,,,,,,
2026-09-08,일본,Morecon,5,トパーズ デートトパーズ(TOPARDS Date Topaz)指原莉乃(さっしー) | モアコンタクト,https://morecon.jp/i/3345,,,,,,
2026-09-08,일본,Morecon,6,エンジェルカラーバンビワンデーNEW スノーココア(Angelcolor Bambi Series 1day Snow Cocoa)益若つばさ(つーちゃん) | モアコンタクト,https://morecon.jp/i/6269,골드브라운,,글로우/하이라이트,,볼드링,
2026-09-08,일본,Queen Eyes,1,LARME ラルムシリコンハイドロゲルダブルモイストUV カシミアブラウン (1箱10枚入り),https://www.queen-eyes.com/c/LARME/LARMESILICONEHYDROGEL/LR23,그레이,,글로우/하이라이트,,중간 엣지,
2026-09-08,일본,Queen Eyes,2,LARME ラルムシリコンハイドロゲルダブルモイストUV アディクティーベージュ (1箱10枚入り),https://www.queen-eyes.com/c/LARME/LARMESILICONEHYDROGEL/LARME-15,라이트그레이,,글로우/하이라이트,,중간 엣지,
2026-09-08,일본,Queen Eyes,3,LARME ラルムシリコンハイドロゲルダブルモイストUV アイスグレーブラウン (1箱10枚入り),https://www.queen-eyes.com/c/LARME/LARMESILICONEHYDROGEL/LARME-14,그레이,,네추럴/소프트,,중간 엣지,
2026-09-08,일본,Queen Eyes,4,LARME ラルムシリコンハイドロゲルダブルモイストUV ピュールリング (1箱10枚入り),https://www.queen-eyes.com/c/LARME/LARMESILICONEHYDROGEL/LARME-12,애쉬브라운,,네추럴/소프트,,중간 엣지,
2026-09-08,일본,Queen Eyes,5,LARME MELTY SERIES ラルムメルティシリーズ バターココア(1箱10枚入り),https://www.queen-eyes.com/c/LARME/LARMEMELTYSERIES/MELTY-15,,,,,,
2026-09-08,일본,Queen Eyes,6,LARME ラルムシリコンハイドロゲルダブルモイストUV シアーリングベージュ (1箱10枚入り),https://www.queen-eyes.com/c/LARME/LARMESILICONEHYDROGEL/LARME-07,,,,,,
2026-09-09,일본,Hotel Lovers,1,デューリット シリコーン ハイドロゲル／シリコン（Dewlit silicone hydrogel） ブラウンデュー【回らない水光】,https://hotellovers.jp/item/9f4b9b5a-30b0-481d-b7d5-45ea23723b65?color=brd,,,,,,
2026-09-09,일본,Hotel Lovers,2,デューリット シリコーン ハイドロゲル／シリコン（Dewlit silicone hydrogel） ベージュデュー【回らない水光】,https://hotellovers.jp/item/9f4b9b5a-30b0-481d-b7d5-45ea23723b65?color=bgd,,,,,,
2026-09-09,일본,Hotel Lovers,3,デューリット シリコーン ハイドロゲル／シリコン（Dewlit silicone hydrogel） デビルデュー【回らない水光】,https://hotellovers.jp/item/9f4b9b5a-30b0-481d-b7d5-45ea23723b65?color=dvd,,,,,,
2026-09-09,일본,Hotel Lovers,4,ハニーキス（Honey Kiss） ちゅるんキャンディチョコグレー,https://hotellovers.jp/item/14cf89e5-662d-436c-860f-1420125350b6?color=chcdg,,,,,,
2026-09-09,일본,Hotel Lovers,5,デューリット シリコーン ハイドロゲル／シリコン（Dewlit silicone hydrogel） グレーデュー【回らない水光】,https://hotellovers.jp/item/9f4b9b5a-30b0-481d-b7d5-45ea23723b65?color=grd,,,,,,
2026-09-09,일본,Hotel Lovers,6,ミューム シリコーン ハイドロゲル／シリコン（miium silicone hydrogel） リフレイン,https://hotellovers.jp/item/640db0b0-8c71-4725-9214-c3fcab88be32?color=rfr,,,,,,
2026-09-09,일본,Morecon,1,チューズミー ベイビーブラウン(NEW)(Chu’s me BABY BROWN)菅本裕子(ゆうこす) | モアコンタクト,https://morecon.jp/i/4021,다크브라운,,네추럴/소프트,,노 엣지,
2026-09-09,일본,Morecon,2,フランミー シュガーチュロス(FLANMY SUGAR CHURROS)佐々木希 | モアコンタクト,https://morecon.jp/i/6311,브라운,,글로우/하이라이트,,슬림링,
2026-09-09,일본,Morecon,3,モラク ワンデー ロージードロップ(MOLAK 1day Rosy Drop)宮脇咲良 (さくらたん) | モアコンタクト,https://morecon.jp/i/6614,,,,,,
2026-09-09,일본,Morecon,4,エバーカラーワンデーナチュラル パールベージュ(EverColor1day Natural Pearl Beige)新木優子 | モアコンタクト,https://morecon.jp/i/3821,애쉬브라운,,네추럴/소프트,,라인 엣지,
2026-09-09,일본,Morecon,5,トパーズ デートトパーズ(TOPARDS Date Topaz)指原莉乃(さっしー) | モアコンタクト,https://morecon.jp/i/3345,,,,,,
2026-09-09,일본,Morecon,6,エンジェルカラーバンビワンデーNEW スノーココア(Angelcolor Bambi Series 1day Snow Cocoa)益若つばさ(つーちゃん) | モアコンタクト,https://morecon.jp/i/6269,골드브라운,,글로우/하이라이트,,볼드링,
2026-09-09,일본,Queen Eyes,1,LARME ラルムシリコンハイドロゲルダブルモイストUV カシミアブラウン (1箱10枚入り),https://www.queen-eyes.com/c/LARME/LARMESILICONEHYDROGEL/LR23,그레이,,글로우/하이라이트,,중간 엣지,
2026-09-09,일본,Queen Eyes,2,it mee イットミー チャーミーブラウン(1箱10枚入り),https://www.queen-eyes.com/c/itmee/itmee03,,,,,,
2026-09-09,일본,Queen Eyes,3,LARME ラルムシリコンハイドロゲルダブルモイストUV オランティアブラウン (1箱10枚入り),https://www.queen-eyes.com/c/LARME/LARMESILICONEHYDROGEL/LR20,,,,,,
2026-09-09,일본,Queen Eyes,4,LARME ラルムシリコンハイドロゲルダブルモイストUV ピュールリング (1箱10枚入り),https://www.queen-eyes.com/c/LARME/LARMESILICONEHYDROGEL/LARME-12,애쉬브라운,,네추럴/소프트,,중간 엣지,
2026-09-09,일본,Queen Eyes,5,LARME ラルムシリコンハイドロゲルダブルモイストUV アディクティーベージュ (1箱10枚入り),https://www.queen-eyes.com/c/LARME/LARMESILICONEHYDROGEL/LARME-15,라이트그레이,,글로우/하이라이트,,중간 엣지,
2026-09-09,일본,Queen Eyes,6,LARME MELTY SERIES ラルムメルティシリーズ クリアマカロン(1箱10枚入り),https://www.queen-eyes.com/c/LARME/LARMEMELTYSERIES/MELTY-06,,,,,,
2026-09-10,일본,Hotel Lovers,1,デューリット シリコーン ハイドロゲル／シリコン（Dewlit silicone hydrogel） ブラウンデュー【回らない水光】,https://hotellovers.jp/item/9f4b9b5a-30b0-481d-b7d5-45ea23723b65?color=brd,,,,,,
2026-09-10,일본,Hotel Lovers,2,デューリット シリコーン ハイドロゲル／シリコン（Dewlit silicone hydrogel） ベージュデュー【回らない水光】,https://hotellovers.jp/item/9f4b9b5a-30b0-481d-b7d5-45ea23723b65?color=bgd,,,,,,
2026-09-10,일본,Hotel Lovers,3,デューリット シリコーン ハイドロゲル／シリコン（Dewlit silicone hydrogel） デビルデュー【回らない水光】,https://hotellovers.jp/item/9f4b9b5a-30b0-481d-b7d5-45ea23723b65?color=dvd,,,,,,
2026-09-10,일본,Hotel Lovers,4,ハニーキス（Honey Kiss） ちゅるんキャンディチョコグレー,https://hotellovers.jp/item/14cf89e5-662d-436c-860f-1420125350b6?color=chcdg,,,,,,
2026-09-10,일본,Hotel Lovers,5,デューリット シリコーン ハイドロゲル／シリコン（Dewlit silicone hydrogel） グレーデュー【回らない水光】,https://hotellovers.jp/item/9f4b9b5a-30b0-481d-b7d5-45ea23723b65?color=grd,,,,,,
2026-09-10,일본,Hotel Lovers,6,ミューム シリコーン ハイドロゲル／シリコン（miium silicone hydrogel） リフレイン,https://hotellovers.jp/item/640db0b0-8c71-4725-9214-c3fcab88be32?color=rfr,,,,,,
2026-09-10,일본,Morecon,1,チューズミー ベイビーブラウン(NEW)(Chu’s me BABY BROWN)菅本裕子(ゆうこす) | モアコンタクト,https://morecon.jp/i/4021,다크브라운,,네추럴/소프트,,노 엣지,
2026-09-10,일본,Morecon,2,トパーズ デートトパーズ(TOPARDS Date Topaz)指原莉乃(さっしー) | モアコンタクト,https://morecon.jp/i/3345,,,,,,
2026-09-10,일본,Morecon,3,モラク ワンデー ロージードロップ(MOLAK 1day Rosy Drop)宮脇咲良 (さくらたん) | モアコンタクト,https://morecon.jp/i/6614,,,,,,
2026-09-10,일본,Morecon,4,フランミー シュガーチュロス(FLANMY SUGAR CHURROS)佐々木希 | モアコンタクト,https://morecon.jp/i/6311,브라운,,글로우/하이라이트,,슬림링,
2026-09-10,일본,Morecon,5,エバーカラーワンデーナチュラル パールベージュ(EverColor1day Natural Pearl Beige)新木優子 | モアコンタクト,https://morecon.jp/i/3821,애쉬브라운,,네추럴/소프트,,라인 엣지,
2026-09-10,일본,Morecon,6,エンジェルカラーバンビワンデーNEW スノーココア(Angelcolor Bambi Series 1day Snow Cocoa)益若つばさ(つーちゃん) | モアコンタクト,https://morecon.jp/i/6269,골드브라운,,글로우/하이라이트,,볼드링,
2026-09-10,일본,Queen Eyes,1,LARME ラルムシリコンハイドロゲルダブルモイストUV カシミアブラウン (1箱10枚入り),https://www.queen-eyes.com/c/LARME/LARMESILICONEHYDROGEL/LR23,그레이,,글로우/하이라이트,,중간 엣지,
2026-09-10,일본,Queen Eyes,2,LARME ラルムシリコンハイドロゲルダブルモイストUV ピュールリング (1箱10枚入り),https://www.queen-eyes.com/c/LARME/LARMESILICONEHYDROGEL/LARME-12,애쉬브라운,,네추럴/소프트,,중간 엣지,
2026-09-10,일본,Queen Eyes,3,LARME ラルムシリコンハイドロゲルダブルモイストUV アイスグレーブラウン (1箱10枚入り),https://www.queen-eyes.com/c/LARME/LARMESILICONEHYDROGEL/LARME-14,그레이,,네추럴/소프트,,중간 엣지,
2026-09-10,일본,Queen Eyes,4,LARME ラルムシリコンハイドロゲルダブルモイストUV アディクティーベージュ (1箱10枚入り),https://www.queen-eyes.com/c/LARME/LARMESILICONEHYDROGEL/LARME-15,라이트그레이,,글로우/하이라이트,,중간 엣지,
2026-09-10,일본,Queen Eyes,5,LARME ラルムシリコンハイドロゲルダブルモイストUV クリスタルベージュ(1箱10枚入り),https://www.queen-eyes.com/c/LARME/LARMESILICONEHYDROGEL/LARME-05,,,,,,
2026-09-10,일본,Queen Eyes,6,LARME NATURAL ラルムナチュラル ココベア(1箱20枚入り),https://www.queen-eyes.com/c/LARME/LARMENATURAL/LARME-N03,다크그레이,,네추럴/소프트,,중간 엣지,
2026-09-11,일본,Hotel Lovers,1,デューリット シリコーン ハイドロゲル／シリコン（Dewlit silicone hydrogel） ブラウンデュー【回らない水光】,https://hotellovers.jp/item/9f4b9b5a-30b0-481d-b7d5-45ea23723b65?color=brd,,,,,,
2026-09-11,일본,Hotel Lovers,2,デューリット シリコーン ハイドロゲル／シリコン（Dewlit silicone hydrogel） ベージュデュー【回らない水光】,https://hotellovers.jp/item/9f4b9b5a-30b0-481d-b7d5-45ea23723b65?color=bgd,,,,,,
2026-09-11,일본,Hotel Lovers,3,デューリット シリコーン ハイドロゲル／シリコン（Dewlit silicone hydrogel） デビルデュー【回らない水光】,https://hotellovers.jp/item/9f4b9b5a-30b0-481d-b7d5-45ea23723b65?color=dvd,,,,,,
2026-09-11,일본,Hotel Lovers,4,ハニーキス（Honey Kiss） ちゅるんキャンディチョコグレー,https://hotellovers.jp/item/14cf89e5-662d-436c-860f-1420125350b6?color=chcdg,,,,,,
2026-09-11,일본,Hotel Lovers,5,デューリット シリコーン ハイドロゲル／シリコン（Dewlit silicone hydrogel） グレーデュー【回らない水光】,https://hotellovers.jp/item/9f4b9b5a-30b0-481d-b7d5-45ea23723b65?color=grd,,,,,,
2026-09-11,일본,Hotel Lovers,6,ミューム シリコーン ハイドロゲル／シリコン（miium silicone hydrogel） リフレイン,https://hotellovers.jp/item/640db0b0-8c71-4725-9214-c3fcab88be32?color=rfr,,,,,,
2026-09-11,일본,Morecon,1,チューズミー ベイビーブラウン(NEW)(Chu’s me BABY BROWN)菅本裕子(ゆうこす) | モアコンタクト,https://morecon.jp/i/4021,다크브라운,,네추럴/소프트,,노 엣지,
2026-09-11,일본,Morecon,2,トパーズ デートトパーズ(TOPARDS Date Topaz)指原莉乃(さっしー) | モアコンタクト,https://morecon.jp/i/3345,,,,,,
2026-09-11,일본,Morecon,3,モラク ワンデー ロージードロップ(MOLAK 1day Rosy Drop)宮脇咲良 (さくらたん) | モアコンタクト,https://morecon.jp/i/6614,,,,,,
2026-09-11,일본,Morecon,4,フランミー シュガーチュロス(FLANMY SUGAR CHURROS)佐々木希 | モアコンタクト,https://morecon.jp/i/6311,브라운,,글로우/하이라이트,,슬림링,
2026-09-11,일본,Morecon,5,エバーカラーワンデーナチュラル パールベージュ(EverColor1day Natural Pearl Beige)新木優子 | モアコンタクト,https://morecon.jp/i/3821,애쉬브라운,,네추럴/소프트,,라인 엣지,
2026-09-11,일본,Morecon,6,エンジェルカラーバンビワンデーNEW スノーココア(Angelcolor Bambi Series 1day Snow Cocoa)益若つばさ(つーちゃん) | モアコンタクト,https://morecon.jp/i/6269,골드브라운,,글로우/하이라이트,,볼드링,
2026-09-11,일본,Queen Eyes,1,LARME ラルムシリコンハイドロゲルダブルモイストUV カシミアブラウン (1箱10枚入り),https://www.queen-eyes.com/c/LARME/LARMESILICONEHYDROGEL/LR23,그레이,,글로우/하이라이트,,중간 엣지,
2026-09-11,일본,Queen Eyes,2,LARME ラルムシリコンハイドロゲルダブルモイストUV アディクティーベージュ (1箱10枚入り),https://www.queen-eyes.com/c/LARME/LARMESILICONEHYDROGEL/LARME-15,라이트그레이,,글로우/하이라이트,,중간 엣지,
2026-09-11,일본,Queen Eyes,3,LARME ラルムシリコンハイドロゲルダブルモイストUV ピュールリング (1箱10枚入り),https://www.queen-eyes.com/c/LARME/LARMESILICONEHYDROGEL/LARME-12,애쉬브라운,,네추럴/소프트,,중간 엣지,
2026-09-11,일본,Queen Eyes,4,LARME ラルムシリコンハイドロゲルダブルモイストUV アイスグレーブラウン (1箱10枚入り),https://www.queen-eyes.com/c/LARME/LARMESILICONEHYDROGEL/LARME-14,그레이,,네추럴/소프트,,중간 엣지,
2026-09-11,일본,Queen Eyes,5,LARME ラルムシリコンハイドロゲルダブルモイストUV シアーリングベージュ (1箱10枚入り),https://www.queen-eyes.com/c/LARME/LARMESILICONEHYDROGEL/LARME-07,,,,,,
2026-09-11,일본,Queen Eyes,6,LARME ラルムシリコンハイドロゲルダブルモイストUV ビッグアディクティーベージュ (1箱10枚入り),https://www.queen-eyes.com/c/LARME/LARMESILICONEHYDROGEL/LR17,,,,,,
2026-09-12,일본,Hotel Lovers,1,デューリット シリコーン ハイドロゲル／シリコン（Dewlit silicone hydrogel） ブラウンデュー【回らない水光】,https://hotellovers.jp/item/9f4b9b5a-30b0-481d-b7d5-45ea23723b65?color=brd,,,,,,
2026-09-12,일본,Hotel Lovers,2,デューリット シリコーン ハイドロゲル／シリコン（Dewlit silicone hydrogel） ベージュデュー【回らない水光】,https://hotellovers.jp/item/9f4b9b5a-30b0-481d-b7d5-45ea23723b65?color=bgd,,,,,,
2026-09-12,일본,Hotel Lovers,3,デューリット シリコーン ハイドロゲル／シリコン（Dewlit silicone hydrogel） デビルデュー【回らない水光】,https://hotellovers.jp/item/9f4b9b5a-30b0-481d-b7d5-45ea23723b65?color=dvd,,,,,,
2026-09-12,일본,Hotel Lovers,4,ハニーキス（Honey Kiss） ちゅるんキャンディチョコグレー,https://hotellovers.jp/item/14cf89e5-662d-436c-860f-1420125350b6?color=chcdg,,,,,,
2026-09-12,일본,Hotel Lovers,5,デューリット シリコーン ハイドロゲル／シリコン（Dewlit silicone hydrogel） グレーデュー【回らない水光】,https://hotellovers.jp/item/9f4b9b5a-30b0-481d-b7d5-45ea23723b65?color=grd,,,,,,
2026-09-12,일본,Hotel Lovers,6,ミューム シリコーン ハイドロゲル／シリコン（miium silicone hydrogel） リフレイン,https://hotellovers.jp/item/640db0b0-8c71-4725-9214-c3fcab88be32?color=rfr,,,,,,
2026-09-12,일본,Morecon,1,チューズミー ベイビーブラウン(NEW)(Chu’s me BABY BROWN)菅本裕子(ゆうこす) | モアコンタクト,https://morecon.jp/i/4021,다크브라운,,네추럴/소프트,,노 엣지,
2026-09-12,일본,Morecon,2,トパーズ デートトパーズ(TOPARDS Date Topaz)指原莉乃(さっしー) | モアコンタクト,https://morecon.jp/i/3345,,,,,,
2026-09-12,일본,Morecon,3,モラク ワンデー ロージードロップ(MOLAK 1day Rosy Drop)宮脇咲良 (さくらたん) | モアコンタクト,https://morecon.jp/i/6614,,,,,,
2026-09-12,일본,Morecon,4,フランミー シュガーチュロス(FLANMY SUGAR CHURROS)佐々木希 | モアコンタクト,https://morecon.jp/i/6311,브라운,,글로우/하이라이트,,슬림링,
2026-09-12,일본,Morecon,5,エバーカラーワンデーナチュラル パールベージュ(EverColor1day Natural Pearl Beige)新木優子 | モアコンタクト,https://morecon.jp/i/3821,애쉬브라운,,네추럴/소프트,,라인 엣지,
2026-09-12,일본,Morecon,6,エンジェルカラーバンビワンデーNEW スノーココア(Angelcolor Bambi Series 1day Snow Cocoa)益若つばさ(つーちゃん) | モアコンタクト,https://morecon.jp/i/6269,골드브라운,,글로우/하이라이트,,볼드링,
2026-09-12,일본,Queen Eyes,1,LARME ラルムシリコンハイドロゲルダブルモイストUV カシミアブラウン (1箱10枚入り),https://www.queen-eyes.com/c/LARME/LARMESILICONEHYDROGEL/LR23,그레이,,글로우/하이라이트,,중간 엣지,
2026-09-12,일본,Queen Eyes,2,LARME ラルムシリコンハイドロゲルダブルモイストUV アディクティーベージュ (1箱10枚入り),https://www.queen-eyes.com/c/LARME/LARMESILICONEHYDROGEL/LARME-15,라이트그레이,,글로우/하이라이트,,중간 엣지,
2026-09-12,일본,Queen Eyes,3,LARME ラルムシリコンハイドロゲルダブルモイストUV ピュールリング (1箱10枚入り),https://www.queen-eyes.com/c/LARME/LARMESILICONEHYDROGEL/LARME-12,애쉬브라운,,네추럴/소프트,,중간 엣지,
2026-09-12,일본,Queen Eyes,4,LARME ラルムモイスチャーUV ハニースウィート(1箱10枚入り),https://www.queen-eyes.com/c/LARME/LARME42/LARME-HBRN,,,,,,
2026-09-12,일본,Queen Eyes,5,LARME ラルムシリコンハイドロゲルダブルモイストUV アイスグレーブラウン (1箱10枚入り),https://www.queen-eyes.com/c/LARME/LARMESILICONEHYDROGEL/LARME-14,그레이,,네추럴/소프트,,중간 엣지,
2026-09-12,일본,Queen Eyes,6,Qyunpid キュンピッド ヒロインコア(1箱10枚入り),https://www.queen-eyes.com/c/qyunpid/qpd04,,,,,,
2026-09-13,일본,Hotel Lovers,1,デューリット シリコーン ハイドロゲル／シリコン（Dewlit silicone hydrogel） ブラウンデュー【回らない水光】,https://hotellovers.jp/item/9f4b9b5a-30b0-481d-b7d5-45ea23723b65?color=brd,,,,,,
2026-09-13,일본,Hotel Lovers,2,デューリット シリコーン ハイドロゲル／シリコン（Dewlit silicone hydrogel） ベージュデュー【回らない水光】,https://hotellovers.jp/item/9f4b9b5a-30b0-481d-b7d5-45ea23723b65?color=bgd,,,,,,
2026-09-13,일본,Hotel Lovers,3,デューリット シリコーン ハイドロゲル／シリコン（Dewlit silicone hydrogel） デビルデュー【回らない水光】,https://hotellovers.jp/item/9f4b9b5a-30b0-481d-b7d5-45ea23723b65?color=dvd,,,,,,
2026-09-13,일본,Hotel Lovers,4,ハニーキス（Honey Kiss） ちゅるんキャンディチョコグレー,https://hotellovers.jp/item/14cf89e5-662d-436c-860f-1420125350b6?color=chcdg,,,,,,
2026-09-13,일본,Hotel Lovers,5,デューリット シリコーン ハイドロゲル／シリコン（Dewlit silicone hydrogel） グレーデュー【回らない水光】,https://hotellovers.jp/item/9f4b9b5a-30b0-481d-b7d5-45ea23723b65?color=grd,,,,,,
2026-09-13,일본,Hotel Lovers,6,ミューム シリコーン ハイドロゲル／シリコン（miium silicone hydrogel） リフレイン,https://hotellovers.jp/item/640db0b0-8c71-4725-9214-c3fcab88be32?color=rfr,,,,,,
2026-09-13,일본,Morecon,1,チューズミー ベイビーブラウン(NEW)(Chu’s me BABY BROWN)菅本裕子(ゆうこす) | モアコンタクト,https://morecon.jp/i/4021,다크브라운,,네추럴/소프트,,노 엣지,
2026-09-13,일본,Morecon,2,トパーズ デートトパーズ(TOPARDS Date Topaz)指原莉乃(さっしー) | モアコンタクト,https://morecon.jp/i/3345,,,,,,
2026-09-13,일본,Morecon,3,モラク ワンデー ロージードロップ(MOLAK 1day Rosy Drop)宮脇咲良 (さくらたん) | モアコンタクト,https://morecon.jp/i/6614,,,,,,
2026-09-13,일본,Morecon,4,フランミー シュガーチュロス(FLANMY SUGAR CHURROS)佐々木希 | モアコンタクト,https://morecon.jp/i/6311,브라운,,글로우/하이라이트,,슬림링,
2026-09-13,일본,Morecon,5,エバーカラーワンデーナチュラル パールベージュ(EverColor1day Natural Pearl Beige)新木優子 | モアコンタクト,https://morecon.jp/i/3821,애쉬브라운,,네추럴/소프트,,라인 엣지,
2026-09-13,일본,Morecon,6,エンジェルカラーバンビワンデーNEW スノーココア(Angelcolor Bambi Series 1day Snow Cocoa)益若つばさ(つーちゃん) | モアコンタクト,https://morecon.jp/i/6269,골드브라운,,글로우/하이라이트,,볼드링,
2026-09-13,일본,Queen Eyes,1,LARME ラルムシリコンハイドロゲルダブルモイストUV カシミアブラウン (1箱10枚入り),https://www.queen-eyes.com/c/LARME/LARMESILICONEHYDROGEL/LR23,그레이,,글로우/하이라이트,,중간 엣지,
2026-09-13,일본,Queen Eyes,2,LARME ラルムシリコンハイドロゲルダブルモイストUV ピュールリング (1箱10枚入り),https://www.queen-eyes.com/c/LARME/LARMESILICONEHYDROGEL/LARME-12,애쉬브라운,,네추럴/소프트,,중간 엣지,
2026-09-13,일본,Queen Eyes,3,LARME ラルムシリコンハイドロゲルダブルモイストUV アイスグレーブラウン (1箱10枚入り),https://www.queen-eyes.com/c/LARME/LARMESILICONEHYDROGEL/LARME-14,그레이,,네추럴/소프트,,중간 엣지,
2026-09-13,일본,Queen Eyes,4,LARME MELTY SERIES ラルムメルティシリーズ スターフィルター(1箱10枚入り),https://www.queen-eyes.com/c/LARME/LARMEMELTYSERIES/MELTY-17,,,,,,
2026-09-13,일본,Queen Eyes,5,LARME ラルムシリコンハイドロゲルダブルモイストUV ビッグアディクティーベージュ (1箱10枚入り),https://www.queen-eyes.com/c/LARME/LARMESILICONEHYDROGEL/LR17,,,,,,
2026-09-13,일본,Queen Eyes,6,LARME ラルムモイスチャーUV ハニースウィート(1箱10枚入り),https://www.queen-eyes.com/c/LARME/LARME42/LARME-HBRN,,,,,,
2026-09-14,일본,Hotel Lovers,1,デューリット シリコーン ハイドロゲル／シリコン（Dewlit silicone hydrogel） ブラウンデュー【回らない水光】,https://hotellovers.jp/item/9f4b9b5a-30b0-481d-b7d5-45ea23723b65?color=brd,,,,,,
2026-09-14,일본,Hotel Lovers,2,デューリット シリコーン ハイドロゲル／シリコン（Dewlit silicone hydrogel） ベージュデュー【回らない水光】,https://hotellovers.jp/item/9f4b9b5a-30b0-481d-b7d5-45ea23723b65?color=bgd,,,,,,
2026-09-14,일본,Hotel Lovers,3,デューリット シリコーン ハイドロゲル／シリコン（Dewlit silicone hydrogel） デビルデュー【回らない水光】,https://hotellovers.jp/item/9f4b9b5a-30b0-481d-b7d5-45ea23723b65?color=dvd,,,,,,
2026-09-14,일본,Hotel Lovers,4,ハニーキス（Honey Kiss） ちゅるんキャンディチョコグレー,https://hotellovers.jp/item/14cf89e5-662d-436c-860f-1420125350b6?color=chcdg,,,,,,
2026-09-14,일본,Hotel Lovers,5,デューリット シリコーン ハイドロゲル／シリコン（Dewlit silicone hydrogel） グレーデュー【回らない水光】,https://hotellovers.jp/item/9f4b9b5a-30b0-481d-b7d5-45ea23723b65?color=grd,,,,,,
2026-09-14,일본,Hotel Lovers,6,ミューム シリコーン ハイドロゲル／シリコン（miium silicone hydrogel） リフレイン,https://hotellovers.jp/item/640db0b0-8c71-4725-9214-c3fcab88be32?color=rfr,,,,,,
2026-09-14,일본,Morecon,1,チューズミー ベイビーブラウン(NEW)(Chu’s me BABY BROWN)菅本裕子(ゆうこす) | モアコンタクト,https://morecon.jp/i/4021,다크브라운,,네추럴/소프트,,노 엣지,
2026-09-14,일본,Morecon,2,モラク ワンデー ロージードロップ(MOLAK 1day Rosy Drop)宮脇咲良 (さくらたん) | モアコンタクト,https://morecon.jp/i/6614,,,,,,
2026-09-14,일본,Morecon,3,エバーカラーワンデーナチュラル パールベージュ(EverColor1day Natural Pearl Beige)新木優子 | モアコンタクト,https://morecon.jp/i/3821,애쉬브라운,,네추럴/소프트,,라인 엣지,
2026-09-14,일본,Morecon,4,トパーズ デートトパーズ(TOPARDS Date Topaz)指原莉乃(さっしー) | モアコンタクト,https://morecon.jp/i/3345,,,,,,
2026-09-14,일본,Morecon,5,フランミー きなこロール(FLANMY KinakoRoll)佐々木希 | モアコンタクト,https://morecon.jp/i/3735,브라운,,네추럴/소프트,,블러 엣지,
2026-09-14,일본,Morecon,6,エンジェルカラーバンビワンデーNEW スノーココア(Angelcolor Bambi Series 1day Snow Cocoa)益若つばさ(つーちゃん) | モアコンタクト,https://morecon.jp/i/6269,골드브라운,,글로우/하이라이트,,볼드링,
2026-09-14,일본,Queen Eyes,1,LARME ラルムシリコンハイドロゲルダブルモイストUV カシミアブラウン (1箱10枚入り),https://www.queen-eyes.com/c/LARME/LARMESILICONEHYDROGEL/LR23,그레이,,글로우/하이라이트,,중간 엣지,
2026-09-14,일본,Queen Eyes,2,LARME ラルムモイスチャーUV ハニースウィート(1箱10枚入り),https://www.queen-eyes.com/c/LARME/LARME42/LARME-HBRN,,,,,,
2026-09-14,일본,Queen Eyes,3,LARME ラルムシリコンハイドロゲルダブルモイストUV アディクティーベージュ (1箱10枚入り),https://www.queen-eyes.com/c/LARME/LARMESILICONEHYDROGEL/LARME-15,라이트그레이,,글로우/하이라이트,,중간 엣지,
2026-09-14,일본,Queen Eyes,4,LARME ラルムシリコンハイドロゲルダブルモイストUV ピュールリング (1箱10枚入り),https://www.queen-eyes.com/c/LARME/LARMESILICONEHYDROGEL/LARME-12,애쉬브라운,,네추럴/소프트,,중간 엣지,
2026-09-14,일본,Queen Eyes,5,LARME ラルムシリコンハイドロゲルダブルモイストUV ウォーターティントブラウン (1箱10枚入り),https://www.queen-eyes.com/c/LARME/LARMESILICONEHYDROGEL/LR16,라이트그레이,,네추럴/소프트,,슬림링,
2026-09-14,일본,Queen Eyes,6,LARME ラルムシリコンハイドロゲルダブルモイストUV アイスグレーブラウン (1箱10枚入り),https://www.queen-eyes.com/c/LARME/LARMESILICONEHYDROGEL/LARME-14,그레이,,네추럴/소프트,,중간 엣지,
2026-09-15,일본,Hotel Lovers,1,デューリット シリコーン ハイドロゲル／シリコン（Dewlit silicone hydrogel） ブラウンデュー【回らない水光】,https://hotellovers.jp/item/9f4b9b5a-30b0-481d-b7d5-45ea23723b65?color=brd,,,,,,
2026-09-15,일본,Hotel Lovers,2,デューリット シリコーン ハイドロゲル／シリコン（Dewlit silicone hydrogel） ベージュデュー【回らない水光】,https://hotellovers.jp/item/9f4b9b5a-30b0-481d-b7d5-45ea23723b65?color=bgd,,,,,,
2026-09-15,일본,Hotel Lovers,3,デューリット シリコーン ハイドロゲル／シリコン（Dewlit silicone hydrogel） デビルデュー【回らない水光】,https://hotellovers.jp/item/9f4b9b5a-30b0-481d-b7d5-45ea23723b65?color=dvd,,,,,,
2026-09-15,일본,Hotel Lovers,4,ハニーキス（Honey Kiss） ちゅるんキャンディチョコグレー,https://hotellovers.jp/item/14cf89e5-662d-436c-860f-1420125350b6?color=chcdg,,,,,,
2026-09-15,일본,Hotel Lovers,5,デューリット シリコーン ハイドロゲル／シリコン（Dewlit silicone hydrogel） グレーデュー【回らない水光】,https://hotellovers.jp/item/9f4b9b5a-30b0-481d-b7d5-45ea23723b65?color=grd,,,,,,
2026-09-15,일본,Hotel Lovers,6,ミューム シリコーン ハイドロゲル／シリコン（miium silicone hydrogel） リフレイン,https://hotellovers.jp/item/640db0b0-8c71-4725-9214-c3fcab88be32?color=rfr,,,,,,
2026-09-15,일본,Morecon,1,チューズミー ベイビーブラウン(NEW)(Chu’s me BABY BROWN)菅本裕子(ゆうこす) | モアコンタクト,https://morecon.jp/i/4021,다크브라운,,네추럴/소프트,,노 엣지,
2026-09-15,일본,Morecon,2,モラク ワンデー ロージードロップ(MOLAK 1day Rosy Drop)宮脇咲良 (さくらたん) | モアコンタクト,https://morecon.jp/i/6614,,,,,,
2026-09-15,일본,Morecon,3,エバーカラーワンデーナチュラル パールベージュ(EverColor1day Natural Pearl Beige)新木優子 | モアコンタクト,https://morecon.jp/i/3821,애쉬브라운,,네추럴/소프트,,라인 엣지,
2026-09-15,일본,Morecon,4,トパーズ デートトパーズ(TOPARDS Date Topaz)指原莉乃(さっしー) | モアコンタクト,https://morecon.jp/i/3345,,,,,,
2026-09-15,일본,Morecon,5,フランミー きなこロール(FLANMY KinakoRoll)佐々木希 | モアコンタクト,https://morecon.jp/i/3735,브라운,,네추럴/소프트,,블러 엣지,
2026-09-15,일본,Morecon,6,エンジェルカラーバンビワンデーNEW スノーココア(Angelcolor Bambi Series 1day Snow Cocoa)益若つばさ(つーちゃん) | モアコンタクト,https://morecon.jp/i/6269,골드브라운,,글로우/하이라이트,,볼드링,
2026-09-15,일본,Queen Eyes,1,LARME ラルムシリコンハイドロゲルダブルモイストUV カシミアブラウン (1箱10枚入り),https://www.queen-eyes.com/c/LARME/LARMESILICONEHYDROGEL/LR23,그레이,,글로우/하이라이트,,중간 엣지,
2026-09-15,일본,Queen Eyes,2,LARME ラルムシリコンハイドロゲルダブルモイストUV アディクティーベージュ (1箱10枚入り),https://www.queen-eyes.com/c/LARME/LARMESILICONEHYDROGEL/LARME-15,라이트그레이,,글로우/하이라이트,,중간 엣지,
2026-09-15,일본,Queen Eyes,3,LARME ラルムシリコンハイドロゲルダブルモイストUV ピュールリング (1箱10枚入り),https://www.queen-eyes.com/c/LARME/LARMESILICONEHYDROGEL/LARME-12,애쉬브라운,,네추럴/소프트,,중간 엣지,
2026-09-15,일본,Queen Eyes,4,LARME ラルムシリコンハイドロゲルダブルモイストUV アイスグレーブラウン (1箱10枚入り),https://www.queen-eyes.com/c/LARME/LARMESILICONEHYDROGEL/LARME-14,그레이,,네추럴/소프트,,중간 엣지,
2026-09-15,일본,Queen Eyes,5,LARME MELTY SERIES ラルムメルティシリーズ マロンドーナツ(1箱10枚入り),https://www.queen-eyes.com/c/LARME/LARMEMELTYSERIES/MELTY-09,,,,,,
2026-09-15,일본,Queen Eyes,6,LARME NATURAL ラルムナチュラル ココベア(1箱20枚入り),https://www.queen-eyes.com/c/LARME/LARMENATURAL/LARME-N03,다크그레이,,네추럴/소프트,,중간 엣지,
2026-09-16,일본,Hotel Lovers,1,デューリット シリコーン ハイドロゲル／シリコン（Dewlit silicone hydrogel） ブラウンデュー【回らない水光】,https://hotellovers.jp/item/9f4b9b5a-30b0-481d-b7d5-45ea23723b65?color=brd,,,,,,
2026-09-16,일본,Hotel Lovers,2,デューリット シリコーン ハイドロゲル／シリコン（Dewlit silicone hydrogel） ベージュデュー【回らない水光】,https://hotellovers.jp/item/9f4b9b5a-30b0-481d-b7d5-45ea23723b65?color=bgd,,,,,,
2026-09-16,일본,Hotel Lovers,3,デューリット シリコーン ハイドロゲル／シリコン（Dewlit silicone hydrogel） デビルデュー【回らない水光】,https://hotellovers.jp/item/9f4b9b5a-30b0-481d-b7d5-45ea23723b65?color=dvd,,,,,,
2026-09-16,일본,Hotel Lovers,4,ハニーキス（Honey Kiss） ちゅるんキャンディチョコグレー,https://hotellovers.jp/item/14cf89e5-662d-436c-860f-1420125350b6?color=chcdg,,,,,,
2026-09-16,일본,Hotel Lovers,5,デューリット シリコーン ハイドロゲル／シリコン（Dewlit silicone hydrogel） グレーデュー【回らない水光】,https://hotellovers.jp/item/9f4b9b5a-30b0-481d-b7d5-45ea23723b65?color=grd,,,,,,
2026-09-16,일본,Hotel Lovers,6,ミューム シリコーン ハイドロゲル／シリコン（miium silicone hydrogel） リフレイン,https://hotellovers.jp/item/640db0b0-8c71-4725-9214-c3fcab88be32?color=rfr,,,,,,
2026-09-16,일본,Morecon,1,チューズミー ベイビーブラウン(NEW)(Chu’s me BABY BROWN)菅本裕子(ゆうこす) | モアコンタクト,https://morecon.jp/i/4021,다크브라운,,네추럴/소프트,,노 엣지,
2026-09-16,일본,Morecon,2,エバーカラーワンデーナチュラル パールベージュ(EverColor1day Natural Pearl Beige)新木優子 | モアコンタクト,https://morecon.jp/i/3821,애쉬브라운,,네추럴/소프트,,라인 엣지,
2026-09-16,일본,Morecon,3,モラク ワンデー ロージードロップ(MOLAK 1day Rosy Drop)宮脇咲良 (さくらたん) | モアコンタクト,https://morecon.jp/i/6614,,,,,,
2026-09-16,일본,Morecon,4,フランミー きなこロール(FLANMY KinakoRoll)佐々木希 | モアコンタクト,https://morecon.jp/i/3735,브라운,,네추럴/소프트,,블러 엣지,
2026-09-16,일본,Morecon,5,トパーズ デートトパーズ(TOPARDS Date Topaz)指原莉乃(さっしー) | モアコンタクト,https://morecon.jp/i/3345,,,,,,
2026-09-16,일본,Morecon,6,コファンシー モルテンパフ(CoFANCY Molten Puff) | モアコンタクト,https://morecon.jp/i/6564,브라운,,글로우/하이라이트,,노 엣지,
2026-09-16,일본,Queen Eyes,1,LARME ラルムシリコンハイドロゲルダブルモイストUV カシミアブラウン (1箱10枚入り),https://www.queen-eyes.com/c/LARME/LARMESILICONEHYDROGEL/LR23,그레이,,글로우/하이라이트,,중간 엣지,
2026-09-16,일본,Queen Eyes,2,LARME ラルムシリコンハイドロゲルダブルモイストUV ピュールリング (1箱10枚入り),https://www.queen-eyes.com/c/LARME/LARMESILICONEHYDROGEL/LARME-12,애쉬브라운,,네추럴/소프트,,중간 엣지,
2026-09-16,일본,Queen Eyes,3,LARME ラルムシリコンハイドロゲルダブルモイストUV アディクティーベージュ (1箱10枚入り),https://www.queen-eyes.com/c/LARME/LARMESILICONEHYDROGEL/LARME-15,라이트그레이,,글로우/하이라이트,,중간 엣지,
2026-09-16,일본,Queen Eyes,4,LARME ラルムシリコンハイドロゲルダブルモイストUV アイスグレーブラウン (1箱10枚入り),https://www.queen-eyes.com/c/LARME/LARMESILICONEHYDROGEL/LARME-14,그레이,,네추럴/소프트,,중간 엣지,
2026-09-16,일본,Queen Eyes,5,LARME MELTY SERIES ラルムメルティシリーズ バターココア(1箱10枚入り),https://www.queen-eyes.com/c/LARME/LARMEMELTYSERIES/MELTY-15,,,,,,
2026-09-16,일본,Queen Eyes,6,LARME ラルムシリコンハイドロゲルダブルモイストUV オランティアブラウン (1箱10枚入り),https://www.queen-eyes.com/c/LARME/LARMESILICONEHYDROGEL/LR20,,,,,,
2026-09-17,일본,Hotel Lovers,1,デューリット シリコーン ハイドロゲル／シリコン（Dewlit silicone hydrogel） ブラウンデュー【回らない水光】,https://hotellovers.jp/item/9f4b9b5a-30b0-481d-b7d5-45ea23723b65?color=brd,,,,,,
2026-09-17,일본,Hotel Lovers,2,デューリット シリコーン ハイドロゲル／シリコン（Dewlit silicone hydrogel） ベージュデュー【回らない水光】,https://hotellovers.jp/item/9f4b9b5a-30b0-481d-b7d5-45ea23723b65?color=bgd,,,,,,
2026-09-17,일본,Hotel Lovers,3,デューリット シリコーン ハイドロゲル／シリコン（Dewlit silicone hydrogel） デビルデュー【回らない水光】,https://hotellovers.jp/item/9f4b9b5a-30b0-481d-b7d5-45ea23723b65?color=dvd,,,,,,
2026-09-17,일본,Hotel Lovers,4,デューリット シリコーン ハイドロゲル／シリコン（Dewlit silicone hydrogel） グレーデュー【回らない水光】,https://hotellovers.jp/item/9f4b9b5a-30b0-481d-b7d5-45ea23723b65?color=grd,,,,,,
2026-09-17,일본,Hotel Lovers,5,ハニーキス（Honey Kiss） ちゅるんキャンディチョコグレー,https://hotellovers.jp/item/14cf89e5-662d-436c-860f-1420125350b6?color=chcdg,,,,,,
2026-09-17,일본,Hotel Lovers,6,ミューム シリコーン ハイドロゲル／シリコン（miium silicone hydrogel） リフレイン,https://hotellovers.jp/item/640db0b0-8c71-4725-9214-c3fcab88be32?color=rfr,,,,,,
2026-09-17,일본,Morecon,1,チューズミー ベイビーブラウン(NEW)(Chu’s me BABY BROWN)菅本裕子(ゆうこす) | モアコンタクト,https://morecon.jp/i/4021,다크브라운,,네추럴/소프트,,노 엣지,
2026-09-17,일본,Morecon,2,エバーカラーワンデーナチュラル パールベージュ(EverColor1day Natural Pearl Beige)新木優子 | モアコンタクト,https://morecon.jp/i/3821,애쉬브라운,,네추럴/소프트,,라인 엣지,
2026-09-17,일본,Morecon,3,フランミー きなこロール(FLANMY KinakoRoll)佐々木希 | モアコンタクト,https://morecon.jp/i/3735,브라운,,네추럴/소프트,,블러 엣지,
2026-09-17,일본,Morecon,4,コファンシー モルテンパフ(CoFANCY Molten Puff) | モアコンタクト,https://morecon.jp/i/6564,브라운,,글로우/하이라이트,,노 엣지,
2026-09-17,일본,Morecon,5,モラク ワンデー ロージードロップ(MOLAK 1day Rosy Drop)宮脇咲良 (さくらたん) | モアコンタクト,https://morecon.jp/i/6614,,,,,,
2026-09-17,일본,Morecon,6,フランミー バターファッジ(回らない水光)(FLANMY BUTTER FUDGE)佐々木希 | モアコンタクト,https://morecon.jp/i/6613,,,,,,
2026-09-17,일본,Queen Eyes,1,LARME ラルムシリコンハイドロゲルダブルモイストUV ピュールリング (1箱10枚入り),https://www.queen-eyes.com/c/LARME/LARMESILICONEHYDROGEL/LARME-12,애쉬브라운,,네추럴/소프트,,중간 엣지,
2026-09-17,일본,Queen Eyes,2,LARME ラルムシリコンハイドロゲルダブルモイストUV カシミアブラウン (1箱10枚入り),https://www.queen-eyes.com/c/LARME/LARMESILICONEHYDROGEL/LR23,그레이,,글로우/하이라이트,,중간 엣지,
2026-09-17,일본,Queen Eyes,3,LARME ラルムシリコンハイドロゲルダブルモイストUV アディクティーベージュ (1箱10枚入り),https://www.queen-eyes.com/c/LARME/LARMESILICONEHYDROGEL/LARME-15,라이트그레이,,글로우/하이라이트,,중간 엣지,
2026-09-17,일본,Queen Eyes,4,LARME ラルムシリコンハイドロゲルダブルモイストUV アイスグレーブラウン (1箱10枚入り),https://www.queen-eyes.com/c/LARME/LARMESILICONEHYDROGEL/LARME-14,그레이,,네추럴/소프트,,중간 엣지,
2026-09-17,일본,Queen Eyes,5,LARME ラルムモイスチャーUV ハニースウィート(1箱10枚入り),https://www.queen-eyes.com/c/LARME/LARME42/LARME-HBRN,,,,,,
2026-09-17,일본,Queen Eyes,6,LARME ラルムシリコンハイドロゲルダブルモイストUV ウォーターティントブラウン (1箱10枚入り),https://www.queen-eyes.com/c/LARME/LARMESILICONEHYDROGEL/LR16,라이트그레이,,네추럴/소프트,,슬림링,
2026-09-18,일본,Hotel Lovers,1,デューリット シリコーン ハイドロゲル／シリコン（Dewlit silicone hydrogel） ブラウンデュー【回らない水光】,https://hotellovers.jp/item/9f4b9b5a-30b0-481d-b7d5-45ea23723b65?color=brd,,,,,,
2026-09-18,일본,Hotel Lovers,2,デューリット シリコーン ハイドロゲル／シリコン（Dewlit silicone hydrogel） ベージュデュー【回らない水光】,https://hotellovers.jp/item/9f4b9b5a-30b0-481d-b7d5-45ea23723b65?color=bgd,,,,,,
2026-09-18,일본,Hotel Lovers,3,デューリット シリコーン ハイドロゲル／シリコン（Dewlit silicone hydrogel） デビルデュー【回らない水光】,https://hotellovers.jp/item/9f4b9b5a-30b0-481d-b7d5-45ea23723b65?color=dvd,,,,,,
2026-09-18,일본,Hotel Lovers,4,ハニーキス（Honey Kiss） ちゅるんキャンディチョコグレー,https://hotellovers.jp/item/14cf89e5-662d-436c-860f-1420125350b6?color=chcdg,,,,,,
2026-09-18,일본,Hotel Lovers,5,デューリット シリコーン ハイドロゲル／シリコン（Dewlit silicone hydrogel） グレーデュー【回らない水光】,https://hotellovers.jp/item/9f4b9b5a-30b0-481d-b7d5-45ea23723b65?color=grd,,,,,,
2026-09-18,일본,Hotel Lovers,6,ミューム シリコーン ハイドロゲル／シリコン（miium silicone hydrogel） リフレイン,https://hotellovers.jp/item/640db0b0-8c71-4725-9214-c3fcab88be32?color=rfr,,,,,,
2026-09-18,일본,Morecon,1,チューズミー ベイビーブラウン(NEW)(Chu’s me BABY BROWN)菅本裕子(ゆうこす) | モアコンタクト,https://morecon.jp/i/4021,다크브라운,,네추럴/소프트,,노 엣지,
2026-09-18,일본,Morecon,2,エバーカラーワンデーナチュラル パールベージュ(EverColor1day Natural Pearl Beige)新木優子 | モアコンタクト,https://morecon.jp/i/3821,애쉬브라운,,네추럴/소프트,,라인 엣지,
2026-09-18,일본,Morecon,3,コファンシー モルテンパフ(CoFANCY Molten Puff) | モアコンタクト,https://morecon.jp/i/6564,브라운,,글로우/하이라이트,,노 엣지,
2026-09-18,일본,Morecon,4,フランミー きなこロール(FLANMY KinakoRoll)佐々木希 | モアコンタクト,https://morecon.jp/i/3735,브라운,,네추럴/소프트,,블러 엣지,
2026-09-18,일본,Morecon,5,モラク ワンデー ロージードロップ(MOLAK 1day Rosy Drop)宮脇咲良 (さくらたん) | モアコンタクト,https://morecon.jp/i/6614,,,,,,
2026-09-18,일본,Morecon,6,フランミー バターファッジ(回らない水光)(FLANMY BUTTER FUDGE)佐々木希 | モアコンタクト,https://morecon.jp/i/6613,,,,,,
2026-09-18,일본,Queen Eyes,1,LARME ラルムシリコンハイドロゲルダブルモイストUV カシミアブラウン (1箱10枚入り),https://www.queen-eyes.com/c/LARME/LARMESILICONEHYDROGEL/LR23,그레이,,글로우/하이라이트,,중간 엣지,
2026-09-18,일본,Queen Eyes,2,LARME ラルムシリコンハイドロゲルダブルモイストUV アディクティーベージュ (1箱10枚入り),https://www.queen-eyes.com/c/LARME/LARMESILICONEHYDROGEL/LARME-15,라이트그레이,,글로우/하이라이트,,중간 엣지,
2026-09-18,일본,Queen Eyes,3,LARME ラルムシリコンハイドロゲルダブルモイストUV ピュールリング (1箱10枚入り),https://www.queen-eyes.com/c/LARME/LARMESILICONEHYDROGEL/LARME-12,애쉬브라운,,네추럴/소프트,,중간 엣지,
2026-09-18,일본,Queen Eyes,4,LARME ラルムモイスチャーUV ハニースウィート(1箱10枚入り),https://www.queen-eyes.com/c/LARME/LARME42/LARME-HBRN,,,,,,
2026-09-18,일본,Queen Eyes,5,LARME ラルムシリコンハイドロゲルダブルモイストUV グラスヴェール (1箱10枚入り),https://www.queen-eyes.com/c/LARME/LARMESILICONEHYDROGEL/LR24,,,,,,
2026-09-18,일본,Queen Eyes,6,LARME ラルムシリコンハイドロゲルダブルモイストUV アイスグレーブラウン (1箱10枚入り),https://www.queen-eyes.com/c/LARME/LARMESILICONEHYDROGEL/LARME-14,그레이,,네추럴/소프트,,중간 엣지,
2026-09-19,일본,Hotel Lovers,1,デューリット シリコーン ハイドロゲル／シリコン（Dewlit silicone hydrogel） ブラウンデュー【回らない水光】,https://hotellovers.jp/item/daa5558e-2f40-4d63-a45f-c7c1a1558a65?color=brd,,,,,,
2026-09-19,일본,Hotel Lovers,2,デューリット シリコーン ハイドロゲル／シリコン（Dewlit silicone hydrogel） ベージュデュー【回らない水光】,https://hotellovers.jp/item/daa5558e-2f40-4d63-a45f-c7c1a1558a65?color=bgd,,,,,,
2026-09-19,일본,Hotel Lovers,3,ミューム シリコーン ハイドロゲル／シリコン（miium silicone hydrogel） モアクラゲ,https://hotellovers.jp/item/d94dff5b-a1d6-4216-9246-cb604fca2981?color=mkg,,,,,,
2026-09-19,일본,Hotel Lovers,4,ハニーキス（Honey Kiss） ちゅるんキャンディチョコグレー,https://hotellovers.jp/item/a9c4298a-392e-4313-a37d-a585581a8cb0?color=chcdg,,,,,,
2026-09-19,일본,Hotel Lovers,5,アイクローゼット（eye closet） ホロベージュ,https://hotellovers.jp/item/f68e3228-aa85-425d-86fd-2b9ba00cba77?color=hlbe,,,,,,
2026-09-19,일본,Hotel Lovers,6,デューリット シリコーン ハイドロゲル／シリコン（Dewlit silicone hydrogel） デビルデュー【回らない水光】,https://hotellovers.jp/item/daa5558e-2f40-4d63-a45f-c7c1a1558a65?color=dvd,,,,,,
2026-09-19,일본,Morecon,1,チューズミー ベイビーブラウン(NEW)(Chu’s me BABY BROWN)菅本裕子(ゆうこす) | モアコンタクト,https://morecon.jp/i/4021,다크브라운,,네추럴/소프트,,노 엣지,
2026-09-19,일본,Morecon,2,エバーカラーワンデーナチュラル パールベージュ(EverColor1day Natural Pearl Beige)新木優子 | モアコンタクト,https://morecon.jp/i/3821,애쉬브라운,,네추럴/소프트,,라인 엣지,
2026-09-19,일본,Morecon,3,コファンシー モルテンパフ(CoFANCY Molten Puff) | モアコンタクト,https://morecon.jp/i/6564,브라운,,글로우/하이라이트,,노 엣지,
2026-09-19,일본,Morecon,4,フランミー きなこロール(FLANMY KinakoRoll)佐々木希 | モアコンタクト,https://morecon.jp/i/3735,브라운,,네추럴/소프트,,블러 엣지,
2026-09-19,일본,Morecon,5,モラク ワンデー ロージードロップ(MOLAK 1day Rosy Drop)宮脇咲良 (さくらたん) | モアコンタクト,https://morecon.jp/i/6614,,,,,,
2026-09-19,일본,Morecon,6,フランミー バターファッジ(回らない水光)(FLANMY BUTTER FUDGE)佐々木希 | モアコンタクト,https://morecon.jp/i/6613,,,,,,
2026-09-19,일본,Queen Eyes,1,LARME ラルムシリコンハイドロゲルダブルモイストUV カシミアブラウン (1箱10枚入り),https://www.queen-eyes.com/c/LARME/LARMESILICONEHYDROGEL/LR23,그레이,,글로우/하이라이트,,중간 엣지,
2026-09-19,일본,Queen Eyes,2,LARME ラルムシリコンハイドロゲルダブルモイストUV アディクティーベージュ (1箱10枚入り),https://www.queen-eyes.com/c/LARME/LARMESILICONEHYDROGEL/LARME-15,라이트그레이,,글로우/하이라이트,,중간 엣지,
2026-09-19,일본,Queen Eyes,3,LARME ラルムシリコンハイドロゲルダブルモイストUV ピュールリング (1箱10枚入り),https://www.queen-eyes.com/c/LARME/LARMESILICONEHYDROGEL/LARME-12,애쉬브라운,,네추럴/소프트,,중간 엣지,
2026-09-19,일본,Queen Eyes,4,LARME MELTY SERIES ラルムメルティシリーズ マロンドーナツ(1箱10枚入り),https://www.queen-eyes.com/c/LARME/LARMEMELTYSERIES/MELTY-09,,,,,,
2026-09-19,일본,Queen Eyes,5,LARME MELTY SERIES ラルムメルティシリーズ バターココア(1箱10枚入り),https://www.queen-eyes.com/c/LARME/LARMEMELTYSERIES/MELTY-15,,,,,,
2026-09-19,일본,Queen Eyes,6,LARME ラルムシリコンハイドロゲルダブルモイストUV シアーリングベージュ (1箱10枚入り),https://www.queen-eyes.com/c/LARME/LARMESILICONEHYDROGEL/LARME-07,,,,,,
2026-09-20,일본,Hotel Lovers,1,デューリット シリコーン ハイドロゲル／シリコン（Dewlit silicone hydrogel） ブラウンデュー【回らない水光】,https://hotellovers.jp/item/9f4b9b5a-30b0-481d-b7d5-45ea23723b65?color=brd,,,,,,
2026-09-20,일본,Hotel Lovers,2,デューリット シリコーン ハイドロゲル／シリコン（Dewlit silicone hydrogel） ベージュデュー【回らない水光】,https://hotellovers.jp/item/9f4b9b5a-30b0-481d-b7d5-45ea23723b65?color=bgd,,,,,,
2026-09-20,일본,Hotel Lovers,3,デューリット シリコーン ハイドロゲル／シリコン（Dewlit silicone hydrogel） デビルデュー【回らない水光】,https://hotellovers.jp/item/9f4b9b5a-30b0-481d-b7d5-45ea23723b65?color=dvd,,,,,,
2026-09-20,일본,Hotel Lovers,4,デューリット シリコーン ハイドロゲル／シリコン（Dewlit silicone hydrogel） グレーデュー【回らない水光】,https://hotellovers.jp/item/9f4b9b5a-30b0-481d-b7d5-45ea23723b65?color=grd,,,,,,
2026-09-20,일본,Hotel Lovers,5,ハニーキス（Honey Kiss） ちゅるんキャンディチョコグレー,https://hotellovers.jp/item/14cf89e5-662d-436c-860f-1420125350b6?color=chcdg,,,,,,
2026-09-20,일본,Hotel Lovers,6,ミューム シリコーン ハイドロゲル／シリコン（miium silicone hydrogel） リフレイン,https://hotellovers.jp/item/640db0b0-8c71-4725-9214-c3fcab88be32?color=rfr,,,,,,
2026-09-20,일본,Morecon,1,チューズミー ベイビーブラウン(NEW)(Chu’s me BABY BROWN)菅本裕子(ゆうこす) | モアコンタクト,https://morecon.jp/i/4021,다크브라운,,네추럴/소프트,,노 엣지,
2026-09-20,일본,Morecon,2,エバーカラーワンデーナチュラル パールベージュ(EverColor1day Natural Pearl Beige)新木優子 | モアコンタクト,https://morecon.jp/i/3821,애쉬브라운,,네추럴/소프트,,라인 엣지,
2026-09-20,일본,Morecon,3,コファンシー モルテンパフ(CoFANCY Molten Puff) | モアコンタクト,https://morecon.jp/i/6564,브라운,,글로우/하이라이트,,노 엣지,
2026-09-20,일본,Morecon,4,フランミー きなこロール(FLANMY KinakoRoll)佐々木希 | モアコンタクト,https://morecon.jp/i/3735,브라운,,네추럴/소프트,,블러 엣지,
2026-09-20,일본,Morecon,5,モラク ワンデー ロージードロップ(MOLAK 1day Rosy Drop)宮脇咲良 (さくらたん) | モアコンタクト,https://morecon.jp/i/6614,,,,,,
2026-09-20,일본,Morecon,6,フランミー バターファッジ(回らない水光)(FLANMY BUTTER FUDGE)佐々木希 | モアコンタクト,https://morecon.jp/i/6613,,,,,,
2026-09-20,일본,Queen Eyes,1,LARME ラルムシリコンハイドロゲルダブルモイストUV ピュールリング (1箱10枚入り),https://www.queen-eyes.com/c/LARME/LARMESILICONEHYDROGEL/LARME-12,애쉬브라운,,네추럴/소프트,,중간 엣지,
2026-09-20,일본,Queen Eyes,2,LARME ラルムモイスチャーUV ハニースウィート(1箱10枚入り),https://www.queen-eyes.com/c/LARME/LARME42/LARME-HBRN,,,,,,
2026-09-20,일본,Queen Eyes,3,LARME ラルムシリコンハイドロゲルダブルモイストUV カシミアブラウン (1箱10枚入り),https://www.queen-eyes.com/c/LARME/LARMESILICONEHYDROGEL/LR23,그레이,,글로우/하이라이트,,중간 엣지,
2026-09-20,일본,Queen Eyes,4,LARME ラルムシリコンハイドロゲルダブルモイストUV アディクティーベージュ (1箱10枚入り),https://www.queen-eyes.com/c/LARME/LARMESILICONEHYDROGEL/LARME-15,라이트그레이,,글로우/하이라이트,,중간 엣지,
2026-09-20,일본,Queen Eyes,5,LARME ラルムシリコンハイドロゲルダブルモイストUV アイスグレーブラウン (1箱10枚入り),https://www.queen-eyes.com/c/LARME/LARMESILICONEHYDROGEL/LARME-14,그레이,,네추럴/소프트,,중간 엣지,
2026-09-20,일본,Queen Eyes,6,LARME ラルムシリコンハイドロゲルダブルモイストUV クリスタルベージュ(1箱10枚入り),https://www.queen-eyes.com/c/LARME/LARMESILICONEHYDROGEL/LARME-05,,,,,,
2026-09-21,일본,Hotel Lovers,1,デューリット シリコーン ハイドロゲル／シリコン（Dewlit silicone hydrogel） ブラウンデュー【回らない水光】,https://hotellovers.jp/item/9f4b9b5a-30b0-481d-b7d5-45ea23723b65?color=brd,,,,,,
2026-09-21,일본,Hotel Lovers,2,デューリット シリコーン ハイドロゲル／シリコン（Dewlit silicone hydrogel） ベージュデュー【回らない水光】,https://hotellovers.jp/item/9f4b9b5a-30b0-481d-b7d5-45ea23723b65?color=bgd,,,,,,
2026-09-21,일본,Hotel Lovers,3,デューリット シリコーン ハイドロゲル／シリコン（Dewlit silicone hydrogel） デビルデュー【回らない水光】,https://hotellovers.jp/item/9f4b9b5a-30b0-481d-b7d5-45ea23723b65?color=dvd,,,,,,
2026-09-21,일본,Hotel Lovers,4,デューリット シリコーン ハイドロゲル／シリコン（Dewlit silicone hydrogel） グレーデュー【回らない水光】,https://hotellovers.jp/item/9f4b9b5a-30b0-481d-b7d5-45ea23723b65?color=grd,,,,,,
2026-09-21,일본,Hotel Lovers,5,ハニーキス（Honey Kiss） ちゅるんキャンディチョコグレー,https://hotellovers.jp/item/14cf89e5-662d-436c-860f-1420125350b6?color=chcdg,,,,,,
2026-09-21,일본,Hotel Lovers,6,ミューム シリコーン ハイドロゲル／シリコン（miium silicone hydrogel） リフレイン,https://hotellovers.jp/item/640db0b0-8c71-4725-9214-c3fcab88be32?color=rfr,,,,,,
2026-09-21,일본,Morecon,1,チューズミー ベイビーブラウン(NEW)(Chu’s me BABY BROWN)菅本裕子(ゆうこす) | モアコンタクト,https://morecon.jp/i/4021,다크브라운,,네추럴/소프트,,노 엣지,
2026-09-21,일본,Morecon,2,エバーカラーワンデーナチュラル パールベージュ(EverColor1day Natural Pearl Beige)新木優子 | モアコンタクト,https://morecon.jp/i/3821,애쉬브라운,,네추럴/소프트,,라인 엣지,
2026-09-21,일본,Morecon,3,コファンシー モルテンパフ(CoFANCY Molten Puff) | モアコンタクト,https://morecon.jp/i/6564,브라운,,글로우/하이라이트,,노 엣지,
2026-09-21,일본,Morecon,4,フランミー きなこロール(FLANMY KinakoRoll)佐々木希 | モアコンタクト,https://morecon.jp/i/3735,브라운,,네추럴/소프트,,블러 엣지,
2026-09-21,일본,Morecon,5,モラク ワンデー ロージードロップ(MOLAK 1day Rosy Drop)宮脇咲良 (さくらたん) | モアコンタクト,https://morecon.jp/i/6614,,,,,,
2026-09-21,일본,Morecon,6,フランミー バターファッジ(回らない水光)(FLANMY BUTTER FUDGE)佐々木希 | モアコンタクト,https://morecon.jp/i/6613,,,,,,
2026-09-21,일본,Queen Eyes,1,LARME ラルムシリコンハイドロゲルダブルモイストUV カシミアブラウン (1箱10枚入り),https://www.queen-eyes.com/c/LARME/LARMESILICONEHYDROGEL/LR23,그레이,,글로우/하이라이트,,중간 엣지,
2026-09-21,일본,Queen Eyes,2,LARME ラルムシリコンハイドロゲルダブルモイストUV ピュールリング (1箱10枚入り),https://www.queen-eyes.com/c/LARME/LARMESILICONEHYDROGEL/LARME-12,애쉬브라운,,네추럴/소프트,,중간 엣지,
2026-09-21,일본,Queen Eyes,3,LARME ラルムシリコンハイドロゲルダブルモイストUV ビッグアディクティーベージュ (1箱10枚入り),https://www.queen-eyes.com/c/LARME/LARMESILICONEHYDROGEL/LR17,,,,,,
2026-09-21,일본,Queen Eyes,4,LARME ラルムシリコンハイドロゲルダブルモイストUV グラスヴェール (1箱10枚入り),https://www.queen-eyes.com/c/LARME/LARMESILICONEHYDROGEL/LR24,,,,,,
2026-09-21,일본,Queen Eyes,5,LARME MELTY SERIES ラルムメルティシリーズ バターココア(1箱10枚入り),https://www.queen-eyes.com/c/LARME/LARMEMELTYSERIES/MELTY-15,,,,,,
2026-09-21,일본,Queen Eyes,6,LARME ラルムシリコンハイドロゲルダブルモイストUV アディクティーベージュ (1箱10枚入り),https://www.queen-eyes.com/c/LARME/LARMESILICONEHYDROGEL/LARME-15,라이트그레이,,글로우/하이라이트,,중간 엣지,
2026-09-22,일본,Hotel Lovers,1,エアレンズ 2ウィーク モイスチャーUV コンフォータブル（airlens 2week moisture UV comfortable） クリア,https://hotellovers.jp/item/ccd349a7-8509-4e84-b9be-c40de0199191?color=clear,,,,,,
2026-09-22,일본,Hotel Lovers,2,デューリット シリコーン ハイドロゲル／シリコン（Dewlit silicone hydrogel） ベージュデュー【回らない水光】,https://hotellovers.jp/item/9f4b9b5a-30b0-481d-b7d5-45ea23723b65?color=bgd,,,,,,
2026-09-22,일본,Hotel Lovers,3,デューリット シリコーン ハイドロゲル／シリコン（Dewlit silicone hydrogel） デビルデュー【回らない水光】,https://hotellovers.jp/item/9f4b9b5a-30b0-481d-b7d5-45ea23723b65?color=dvd,,,,,,
2026-09-22,일본,Hotel Lovers,4,デューリット シリコーン ハイドロゲル／シリコン（Dewlit silicone hydrogel） グレーデュー【回らない水光】,https://hotellovers.jp/item/9f4b9b5a-30b0-481d-b7d5-45ea23723b65?color=grd,,,,,,
2026-09-22,일본,Hotel Lovers,5,ハニーキス（Honey Kiss） ちゅるんキャンディチョコグレー,https://hotellovers.jp/item/14cf89e5-662d-436c-860f-1420125350b6?color=chcdg,,,,,,
2026-09-22,일본,Hotel Lovers,6,ミューム シリコーン ハイドロゲル／シリコン（miium silicone hydrogel） リフレイン,https://hotellovers.jp/item/640db0b0-8c71-4725-9214-c3fcab88be32?color=rfr,,,,,,
2026-09-22,일본,Morecon,1,チューズミー ベイビーブラウン(NEW)(Chu’s me BABY BROWN)菅本裕子(ゆうこす) | モアコンタクト,https://morecon.jp/i/4021,다크브라운,,네추럴/소프트,,노 엣지,
2026-09-22,일본,Morecon,2,エバーカラーワンデーナチュラル パールベージュ(EverColor1day Natural Pearl Beige)新木優子 | モアコンタクト,https://morecon.jp/i/3821,애쉬브라운,,네추럴/소프트,,라인 엣지,
2026-09-22,일본,Morecon,3,コファンシー モルテンパフ(CoFANCY Molten Puff) | モアコンタクト,https://morecon.jp/i/6564,브라운,,글로우/하이라이트,,노 엣지,
2026-09-22,일본,Morecon,4,フランミー きなこロール(FLANMY KinakoRoll)佐々木希 | モアコンタクト,https://morecon.jp/i/3735,브라운,,네추럴/소프트,,블러 엣지,
2026-09-22,일본,Morecon,5,モラク ワンデー ロージードロップ(MOLAK 1day Rosy Drop)宮脇咲良 (さくらたん) | モアコンタクト,https://morecon.jp/i/6614,,,,,,
2026-09-22,일본,Morecon,6,フランミー バターファッジ(回らない水光)(FLANMY BUTTER FUDGE)佐々木希 | モアコンタクト,https://morecon.jp/i/6613,,,,,,
2026-09-22,일본,Queen Eyes,1,LARME ラルムシリコンハイドロゲルダブルモイストUV カシミアブラウン (1箱10枚入り),https://www.queen-eyes.com/c/LARME/LARMESILICONEHYDROGEL/LR23,그레이,,글로우/하이라이트,,중간 엣지,
2026-09-22,일본,Queen Eyes,2,LARME ラルムシリコンハイドロゲルダブルモイストUV アディクティーベージュ (1箱10枚入り),https://www.queen-eyes.com/c/LARME/LARMESILICONEHYDROGEL/LARME-15,라이트그레이,,글로우/하이라이트,,중간 엣지,
2026-09-22,일본,Queen Eyes,3,LARME ラルムシリコンハイドロゲルダブルモイストUV アイスグレーブラウン (1箱10枚入り),https://www.queen-eyes.com/c/LARME/LARMESILICONEHYDROGEL/LARME-14,그레이,,네추럴/소프트,,중간 엣지,
2026-09-22,일본,Queen Eyes,4,LARME ラルムシリコンハイドロゲルダブルモイストUV ピュールリング (1箱10枚入り),https://www.queen-eyes.com/c/LARME/LARMESILICONEHYDROGEL/LARME-12,애쉬브라운,,네추럴/소프트,,중간 엣지,
2026-09-22,일본,Queen Eyes,5,LARME ラルムシリコンハイドロゲルダブルモイストUV グラスヴェール (1箱10枚入り),https://www.queen-eyes.com/c/LARME/LARMESILICONEHYDROGEL/LR24,,,,,,
2026-09-22,일본,Queen Eyes,6,LARME ラルムシリコンハイドロゲルダブルモイストUV ビッグアディクティーベージュ (1箱10枚入り),https://www.queen-eyes.com/c/LARME/LARMESILICONEHYDROGEL/LR17,,,,,,
2026-09-23,일본,Hotel Lovers,1,デューリット シリコーン ハイドロゲル／シリコン（Dewlit silicone hydrogel） ブラウンデュー【回らない水光】,https://hotellovers.jp/item/9f4b9b5a-30b0-481d-b7d5-45ea23723b65?color=brd,,,,,,
2026-09-23,일본,Hotel Lovers,2,デューリット シリコーン ハイドロゲル／シリコン（Dewlit silicone hydrogel） ベージュデュー【回らない水光】,https://hotellovers.jp/item/9f4b9b5a-30b0-481d-b7d5-45ea23723b65?color=bgd,,,,,,
2026-09-23,일본,Hotel Lovers,3,デューリット シリコーン ハイドロゲル／シリコン（Dewlit silicone hydrogel） デビルデュー【回らない水光】,https://hotellovers.jp/item/9f4b9b5a-30b0-481d-b7d5-45ea23723b65?color=dvd,,,,,,
2026-09-23,일본,Hotel Lovers,4,ハニーキス（Honey Kiss） ちゅるんキャンディチョコグレー,https://hotellovers.jp/item/14cf89e5-662d-436c-860f-1420125350b6?color=chcdg,,,,,,
2026-09-23,일본,Hotel Lovers,5,デューリット シリコーン ハイドロゲル／シリコン（Dewlit silicone hydrogel） グレーデュー【回らない水光】,https://hotellovers.jp/item/9f4b9b5a-30b0-481d-b7d5-45ea23723b65?color=grd,,,,,,
2026-09-23,일본,Hotel Lovers,6,ミューム シリコーン ハイドロゲル／シリコン（miium silicone hydrogel） リフレイン,https://hotellovers.jp/item/640db0b0-8c71-4725-9214-c3fcab88be32?color=rfr,,,,,,
2026-09-23,일본,Morecon,1,チューズミー ベイビーブラウン(NEW)(Chu’s me BABY BROWN)菅本裕子(ゆうこす) | モアコンタクト,https://morecon.jp/i/4021,다크브라운,,네추럴/소프트,,노 엣지,
2026-09-23,일본,Morecon,2,エバーカラーワンデーナチュラル パールベージュ(EverColor1day Natural Pearl Beige)新木優子 | モアコンタクト,https://morecon.jp/i/3821,애쉬브라운,,네추럴/소프트,,라인 엣지,
2026-09-23,일본,Morecon,3,コファンシー モルテンパフ(CoFANCY Molten Puff) | モアコンタクト,https://morecon.jp/i/6564,브라운,,글로우/하이라이트,,노 엣지,
2026-09-23,일본,Morecon,4,フランミー きなこロール(FLANMY KinakoRoll)佐々木希 | モアコンタクト,https://morecon.jp/i/3735,브라운,,네추럴/소프트,,블러 엣지,
2026-09-23,일본,Morecon,5,モラク ワンデー ロージードロップ(MOLAK 1day Rosy Drop)宮脇咲良 (さくらたん) | モアコンタクト,https://morecon.jp/i/6614,,,,,,
2026-09-23,일본,Morecon,6,フランミー バターファッジ(回らない水光)(FLANMY BUTTER FUDGE)佐々木希 | モアコンタクト,https://morecon.jp/i/6613,,,,,,
2026-09-23,일본,Queen Eyes,1,LARME ラルムシリコンハイドロゲルダブルモイストUV カシミアブラウン (1箱10枚入り),https://www.queen-eyes.com/c/LARME/LARMESILICONEHYDROGEL/LR23,그레이,,글로우/하이라이트,,중간 엣지,
2026-09-23,일본,Queen Eyes,2,LARME ラルムシリコンハイドロゲルダブルモイストUV アディクティーベージュ (1箱10枚入り),https://www.queen-eyes.com/c/LARME/LARMESILICONEHYDROGEL/LARME-15,라이트그레이,,글로우/하이라이트,,중간 엣지,
2026-09-23,일본,Queen Eyes,3,LARME ラルムシリコンハイドロゲルダブルモイストUV ピュールリング (1箱10枚入り),https://www.queen-eyes.com/c/LARME/LARMESILICONEHYDROGEL/LARME-12,애쉬브라운,,네추럴/소프트,,중간 엣지,
2026-09-23,일본,Queen Eyes,4,LARME ラルムシリコンハイドロゲルダブルモイストUV アイスグレーブラウン (1箱10枚入り),https://www.queen-eyes.com/c/LARME/LARMESILICONEHYDROGEL/LARME-14,그레이,,네추럴/소프트,,중간 엣지,
2026-09-23,일본,Queen Eyes,5,LARME ラルムモイスチャーUV ハニースウィート(1箱10枚入り),https://www.queen-eyes.com/c/LARME/LARME42/LARME-HBRN,,,,,,
2026-09-23,일본,Queen Eyes,6,cicica シシカ クロワッサンラテ(1箱10枚入り),https://www.queen-eyes.com/c/cicica/cicica03,,,,,,
